Transaction_ID,Date,Customer_ID,Gender,Age,Product_Category,Product,Quantity,Unit_Price,Total_Sales,Payment_Method,City
T0001,2025-08-03,C431,Male,35.0,Beauty,Face Wash,2,1894.16,3788.32,Net Banking,Mumbai
T0002,2025-10-21,C486,Female,23.0,Home & Kitchen,Cookware,1,8858.59,8858.59,Cash,Pune
T0003,2025-07-07,C371,Female,30.0,Electronics,Smartwatch,2,10426.61,20853.22,Debit Card,Mumbai
T0004,2025-05-15,C121,Male,25.0,Beauty,Moisturizer,2,3467.77,6935.54,Credit Card,Mumbai
T0005,2025-04-02,C467,Female,18.0,Electronics,Smartwatch,1,20006.48,20006.48,Cash,Pune
T0006,2025-01-02,C490,Female,41.0,Home & Kitchen,Cookware,2,2759.27,5518.54,Credit Card,Mumbai
T0007,2025-12-17,C404,Male,28.0,Groceries,Biscuits,2,1395.86,2791.72,Cash,Hyderabad
T0008,2025-10-07,C317,Female,42.0,Groceries,Cooking Oil,3,846.36,2539.08,Cash,Mumbai
T0009,2025-05-09,C236,Female,21.0,Groceries,Rice,1,681.23,681.23,Debit Card,Chennai
T0010,2025-09-18,C331,Female,24.0,Electronics,Smartwatch,3,48106.06,144318.18,UPI,Mumbai
T0011,2025-10-20,C199,Female,21.0,Electronics,Smartwatch,2,42779.75,85559.5,Debit Card,Chennai
T0012,2025-09-14,C105,Female,28.0,Electronics,Headphones,1,45088.73,45088.73,Debit Card,Hyderabad
T0013,2025-04-06,C488,Female,18.0,Clothing,Jeans,4,3114.54,12458.16,Net Banking,Pune
T0014,2025-07-06,C343,Female,27.0,Home & Kitchen,Mixer,1,1569.87,1569.87,Cash,Bengaluru
T0015,2025-12-06,C386,Female,23.0,Clothing,T-Shirt,2,1701.42,3402.84,Debit Card,Bengaluru
T0016,2025-10-10,C221,Female,26.0,Beauty,Face Wash,1,618.2,618.2,Net Banking,Hyderabad
T0017,2025-08-22,C272,Female,31.0,Home & Kitchen,Blender,2,8524.53,17049.06,Debit Card,Delhi
T0018,2025-02-21,C368,Female,18.0,Electronics,Smartwatch,2,58532.67,117065.34,Credit Card,Chennai
T0019,2025-08-13,C485,Male,30.0,Electronics,Smartphone,1,22489.62,22489.62,Credit Card,Pune
T0020,2025-11-20,C303,Female,54.0,Beauty,Shampoo,5,1119.81,5599.05,Debit Card,Hyderabad
T0021,2025-07-20,C224,Male,29.0,Groceries,Cooking Oil,3,1213.65,3640.95,Net Banking,Chennai
T0022,2025-05-27,C248,Female,32.0,Beauty,Moisturizer,3,263.03,789.09,Cash,Hyderabad
T0023,2025-05-31,C398,Male,36.0,Electronics,Smartwatch,1,25735.45,25735.45,Cash,Bengaluru
T0024,2025-10-31,C354,Female,28.0,Electronics,Smartwatch,2,20576.32,41152.64,Net Banking,Pune
T0025,2025-06-01,C154,Female,18.0,Home & Kitchen,Blender,3,10837.35,32512.05,UPI,Mumbai
T0026,2025-12-06,C354,Male,18.0,Home & Kitchen,Mixer,1,10853.66,10853.66,UPI,Chennai
T0027,2025-06-18,C261,Female,20.0,Electronics,Smartphone,2,31318.06,62636.12,UPI,Delhi
T0028,2025-05-15,C295,Male,19.0,Groceries,Cooking Oil,3,1002.48,3007.44,UPI,Mumbai
T0029,2025-02-20,C364,Male,18.0,Home & Kitchen,Blender,2,11761.49,23522.98,Debit Card,Bengaluru
T0030,2025-11-13,C404,Male,37.0,Groceries,Coffee,2,1029.87,2059.74,Cash,Chennai
T0031,2025-04-26,C291,Male,28.0,Electronics,Smartwatch,5,58108.24,290541.2,Net Banking,Hyderabad
T0032,2025-02-23,C158,Male,37.0,Home & Kitchen,Air Fryer,2,5160.01,10320.02,Credit Card,Delhi
T0033,2025-10-26,C346,Female,40.0,Clothing,Jacket,3,4333.59,13000.77,Net Banking,Bengaluru
T0034,2025-11-12,C491,Male,30.0,Clothing,Jacket,1,3863.33,3863.33,Cash,Pune
T0035,2025-05-23,C192,Female,28.0,Beauty,Face Wash,1,3569.15,3569.15,Credit Card,Delhi
T0036,2025-05-30,C414,Female,23.0,Home & Kitchen,Mixer,1,11794.8,11794.8,UPI,Mumbai
T0037,2025-03-01,C208,Male,33.0,Clothing,Jeans,1,5053.28,5053.28,Cash,Delhi
T0038,2025-11-07,C408,Female,18.0,Groceries,Cooking Oil,2,847.7,1695.4,Net Banking,Bengaluru
T0039,2025-12-12,C329,Female,40.0,Beauty,Shampoo,1,1868.09,1868.09,Net Banking,Delhi
T0040,2025-01-01,C339,Female,23.0,Electronics,Smartwatch,2,17011.3,34022.6,UPI,Pune
T0041,2025-05-24,C186,Male,51.0,Groceries,Rice,2,431.78,863.56,Net Banking,Delhi
T0042,2025-07-23,C500,Female,40.0,Beauty,Face Wash,1,1383.37,1383.37,Credit Card,Pune
T0043,2025-04-10,C390,Female,51.0,Beauty,Face Wash,1,3806.75,3806.75,Credit Card,Bengaluru
T0044,2025-01-04,C116,Female,25.0,Home & Kitchen,Cookware,2,6794.97,13589.94,Credit Card,Hyderabad
T0045,2025-02-02,C279,Male,41.0,Beauty,Moisturizer,3,2378.79,7136.37,Net Banking,Mumbai
T0046,2025-02-13,C385,Male,35.0,Home & Kitchen,Mixer,5,10930.46,54652.3,Cash,Delhi
T0047,2025-03-31,C215,Male,32.0,Clothing,T-Shirt,1,2254.37,2254.37,Cash,Bengaluru
T0048,2025-08-05,C377,Male,23.0,Groceries,Coffee,2,1326.01,2652.02,UPI,Mumbai
T0049,2025-04-06,C252,Male,37.0,Clothing,T-Shirt,5,2769.4,13847.0,Net Banking,Mumbai
T0050,2025-12-27,C386,Male,36.0,Electronics,Headphones,3,47236.23,141708.69,UPI,Delhi
T0051,2025-08-21,C176,Male,18.0,Beauty,Moisturizer,1,403.24,403.24,Cash,Delhi
T0052,2025-03-10,C199,Female,21.0,Beauty,Perfume,2,516.48,1032.96,UPI,Mumbai
T0053,2025-02-11,C286,Male,37.0,Home & Kitchen,Mixer,3,1730.63,5191.89,Credit Card,Pune
T0054,2025-08-27,C176,Male,36.0,Home & Kitchen,Blender,2,8675.9,17351.8,Credit Card,Bengaluru
T0055,2025-01-05,C129,Male,25.0,Beauty,Face Wash,3,2883.72,8651.16,Debit Card,Pune
T0056,2025-08-05,C401,Female,32.0,Electronics,Laptop,3,57256.93,171770.79,Cash,Delhi
T0057,2025-01-19,C139,Female,18.0,Beauty,Perfume,3,1145.15,3435.45,Debit Card,Pune
T0058,2025-11-13,C483,Male,26.0,Groceries,Coffee,2,159.95,319.9,UPI,Chennai
T0059,2025-04-27,C234,Female,28.0,Groceries,Cooking Oil,1,1313.41,1313.41,Cash,Pune
T0060,2025-08-01,C303,Female,34.0,Groceries,Rice,1,141.63,141.63,Net Banking,Mumbai
T0061,2025-01-01,C473,Female,30.0,Home & Kitchen,Blender,2,8561.96,17123.92,Debit Card,Hyderabad
T0062,2025-12-24,C256,Male,34.0,Home & Kitchen,Air Fryer,5,1353.86,6769.3,Credit Card,Mumbai
T0063,2025-08-16,C292,Male,18.0,Beauty,Shampoo,1,1569.31,1569.31,UPI,Hyderabad
T0064,2025-02-15,C135,Male,24.0,Electronics,Smartphone,3,43606.02,130818.06,,Chennai
T0065,2025-03-06,C246,Female,31.0,Groceries,Biscuits,1,663.98,663.98,UPI,Chennai
T0066,2025-10-10,C277,Male,40.0,Groceries,Coffee,2,1457.28,2914.56,UPI,Bengaluru
T0067,2025-09-16,C123,Male,32.0,Electronics,Headphones,2,46995.36,93990.72,Net Banking,Pune
T0068,2025-01-01,C151,Male,25.0,Clothing,Jeans,2,1825.97,3651.94,Net Banking,Mumbai
T0069,2025-02-23,C336,Male,18.0,Electronics,Smartphone,4,24004.42,96017.68,Debit Card,Hyderabad
T0070,2025-08-17,C441,Female,27.0,Electronics,Smartwatch,2,29867.86,59735.72,Credit Card,Chennai
T0071,2025-11-04,C349,Female,40.0,Home & Kitchen,Blender,2,5643.47,11286.94,UPI,Mumbai
T0072,2025-05-18,C284,Male,18.0,Clothing,Jacket,3,4880.59,14641.77,Credit Card,Hyderabad
T0073,2025-08-23,C143,Female,33.0,Beauty,Moisturizer,2,1449.26,2898.52,Debit Card,Chennai
T0074,2025-01-08,C488,Female,29.0,Electronics,Headphones,1,15898.94,15898.94,Cash,Hyderabad
T0075,2025-10-04,C105,Female,50.0,Home & Kitchen,Air Fryer,1,2872.87,2872.87,Cash,Bengaluru
T0076,2025-08-21,C112,Female,26.0,Groceries,Coffee,1,251.3,251.3,Credit Card,Hyderabad
T0077,2025-02-25,C450,Male,23.0,Clothing,T-Shirt,2,4282.82,8565.64,Net Banking,Hyderabad
T0078,2025-09-10,C280,Male,27.0,Clothing,Shoes,3,4615.43,13846.29,Credit Card,Mumbai
T0079,2025-10-01,C394,Male,34.0,Clothing,T-Shirt,4,4622.89,18491.56,Debit Card,Hyderabad
T0080,2025-08-19,C186,Female,22.0,Groceries,Cooking Oil,1,537.35,537.35,Cash,Hyderabad
T0081,2025-04-21,C328,Male,46.0,Electronics,Smartphone,3,33918.99,101756.97,Credit Card,Hyderabad
T0082,2025-06-29,C382,Female,38.0,Beauty,Perfume,2,1482.3,2964.6,Credit Card,Chennai
T0083,2025-03-11,C212,Female,34.0,Home & Kitchen,Mixer,1,3246.26,3246.26,Debit Card,Delhi
T0084,2025-08-17,C136,Female,28.0,Electronics,Headphones,1,8948.61,8948.61,Credit Card,Mumbai
T0085,2025-03-03,C294,Male,32.0,Beauty,Perfume,1,849.37,849.37,Debit Card,Bengaluru
T0086,2025-04-28,C424,Male,32.0,Home & Kitchen,Mixer,3,2813.59,8440.77,Cash,Hyderabad
T0087,2025-05-19,C456,Male,48.0,Beauty,Face Wash,3,531.7,1595.1,Debit Card,Chennai
T0088,2025-05-18,C272,Female,32.0,Electronics,Laptop,1,14989.56,14989.56,Net Banking,Bengaluru
T0089,2025-04-05,C405,Male,29.0,Beauty,Face Wash,2,3218.3,6436.6,Cash,Mumbai
T0090,2025-03-17,C135,Male,19.0,Clothing,Jeans,5,5950.11,29750.55,Cash,Pune
T0091,2025-12-05,C479,Female,37.0,Home & Kitchen,Mixer,3,2806.38,8419.14,Credit Card,Delhi
T0092,2025-10-23,C428,Male,36.0,Beauty,Face Wash,4,1691.29,6765.16,Debit Card,Pune
T0093,2025-11-05,C204,Female,49.0,Electronics,Headphones,2,28357.07,56714.14,Debit Card,Chennai
T0094,2025-01-15,C211,Male,18.0,Home & Kitchen,Blender,3,8539.01,25617.03,UPI,Mumbai
T0095,2025-11-18,C110,Male,39.0,Home & Kitchen,Air Fryer,1,3011.35,3011.35,Debit Card,Bengaluru
T0096,2025-08-16,C465,Female,37.0,Electronics,Laptop,3,13752.85,41258.55,Cash,Pune
T0097,2025-08-31,C392,Female,37.0,Groceries,Rice,3,990.43,2971.29,Debit Card,Chennai
T0098,2025-02-07,C234,Female,20.0,Groceries,Cooking Oil,1,1370.0,1370.0,Credit Card,Delhi
T0099,2025-12-22,C424,Male,27.0,Home & Kitchen,Air Fryer,3,7400.48,22201.44,Net Banking,Bengaluru
T0100,2025-02-20,C129,Female,,Electronics,Smartwatch,2,11583.92,23167.84,UPI,Delhi
T0101,2025-11-09,C101,Male,26.0,Home & Kitchen,Blender,1,2805.43,2805.43,Debit Card,Pune
T0102,2025-04-27,C254,Male,25.0,Electronics,Smartphone,1,49748.38,49748.38,Debit Card,Mumbai
T0103,2025-01-17,C228,Male,27.0,Electronics,Laptop,1,46350.06,46350.06,Debit Card,Mumbai
T0104,2025-06-29,C298,Male,36.0,Home & Kitchen,Blender,1,7227.24,7227.24,UPI,Hyderabad
T0105,2025-12-03,C184,Male,20.0,Groceries,Biscuits,1,811.55,811.55,UPI,Mumbai
T0106,2025-09-14,C324,Male,22.0,Beauty,Perfume,5,2108.34,10541.7,Debit Card,Chennai
T0107,2025-01-19,C118,Male,24.0,Home & Kitchen,Cookware,1,6034.36,6034.36,Debit Card,Bengaluru
T0108,2025-06-15,C419,Female,24.0,Clothing,Jeans,2,2704.2,5408.4,UPI,Pune
T0109,2025-02-24,C388,Female,35.0,Home & Kitchen,Air Fryer,2,9748.47,19496.94,Net Banking,Hyderabad
T0110,2025-09-12,C428,Female,27.0,Electronics,Headphones,1,18197.88,18197.88,UPI,Pune
T0111,2025-03-19,C388,Female,18.0,Home & Kitchen,Blender,1,3447.85,3447.85,Debit Card,Mumbai
T0112,2025-11-07,C107,Female,37.0,Beauty,Face Wash,1,1744.29,1744.29,UPI,Pune
T0113,2025-10-30,C297,Female,33.0,Home & Kitchen,Air Fryer,2,10787.19,21574.38,Debit Card,Bengaluru
T0114,2025-09-18,C393,Female,18.0,Clothing,Jacket,2,1974.35,3948.7,UPI,Bengaluru
T0115,2025-08-03,C228,Female,26.0,Groceries,Cooking Oil,2,1479.22,2958.44,UPI,Bengaluru
T0116,2025-08-25,C381,Male,32.0,Home & Kitchen,Mixer,1,6820.47,6820.47,UPI,Delhi
T0117,2025-03-16,C426,Female,30.0,Home & Kitchen,Cookware,1,3777.07,3777.07,Net Banking,Bengaluru
T0118,2025-06-02,C478,Female,33.0,Beauty,Face Wash,1,2305.88,2305.88,Net Banking,Bengaluru
T0119,2025-06-22,C290,Female,46.0,Groceries,Biscuits,3,329.03,987.09,Credit Card,Mumbai
T0120,2025-10-09,C129,Male,45.0,Home & Kitchen,Mixer,1,7515.62,7515.62,Debit Card,Chennai
T0121,2025-06-01,C346,Female,37.0,Beauty,Face Wash,5,1707.27,8536.35,Net Banking,Hyderabad
T0122,2025-09-01,C437,Female,45.0,Clothing,Shoes,2,1391.08,2782.16,Debit Card,Pune
T0123,2025-05-09,C317,Male,25.0,Home & Kitchen,Cookware,1,4672.4,4672.4,Debit Card,Bengaluru
T0124,2025-04-18,C272,Male,52.0,Electronics,Headphones,1,12043.8,12043.8,Credit Card,Mumbai
T0125,2025-09-21,C249,Male,18.0,Home & Kitchen,Mixer,2,10564.29,21128.58,Net Banking,Delhi
T0126,2025-12-31,C126,Male,27.0,Electronics,Laptop,2,19502.89,39005.78,Credit Card,Hyderabad
T0127,2025-06-25,C428,Female,18.0,Clothing,T-Shirt,1,4520.63,4520.63,Debit Card,Pune
T0128,2025-04-13,C373,Female,27.0,Clothing,Jacket,4,5145.02,20580.08,Debit Card,Mumbai
T0129,2025-12-30,C139,Male,32.0,Beauty,Face Wash,1,2954.11,2954.11,UPI,Mumbai
T0130,2025-01-16,C208,Female,,Groceries,Coffee,1,968.77,968.77,Credit Card,Chennai
T0131,2025-01-29,C418,Male,37.0,Clothing,Jeans,3,5988.64,17965.92,Cash,Hyderabad
T0132,2025-12-25,C440,Male,30.0,Beauty,Perfume,2,548.46,1096.92,UPI,Delhi
T0133,2025-10-20,C253,Female,18.0,Electronics,Headphones,4,45208.77,180835.08,UPI,Pune
T0134,2025-05-20,C287,Female,27.0,Electronics,Headphones,2,43341.66,86683.32,Net Banking,Pune
T0135,2025-03-03,C433,Female,32.0,Groceries,Biscuits,4,933.13,3732.52,UPI,Mumbai
T0136,2025-11-06,C473,Male,30.0,Beauty,Perfume,2,3383.74,6767.48,Net Banking,Delhi
T0137,2025-09-19,C105,Male,24.0,Clothing,Jacket,1,4787.71,4787.71,UPI,Hyderabad
T0138,2025-06-27,C438,Female,24.0,Home & Kitchen,Air Fryer,5,2665.02,13325.1,UPI,Chennai
T0139,2025-12-23,C198,Male,43.0,Home & Kitchen,Cookware,1,10812.61,10812.61,UPI,Chennai
T0140,2025-08-14,C432,Female,36.0,Home & Kitchen,Air Fryer,2,1201.46,2402.92,UPI,Hyderabad
T0141,2025-06-25,C190,Female,28.0,Groceries,Biscuits,2,448.85,897.7,Net Banking,Mumbai
T0142,2025-02-09,C401,Female,22.0,Groceries,Cooking Oil,1,1288.71,1288.71,Net Banking,Chennai
T0143,2025-09-19,C316,Male,43.0,Clothing,Jacket,2,1968.66,3937.32,Cash,Hyderabad
T0144,2025-02-14,C445,Male,18.0,Home & Kitchen,Blender,1,4474.3,4474.3,Credit Card,Mumbai
T0145,2025-01-31,C123,Female,31.0,Home & Kitchen,Cookware,5,5959.81,29799.05,Credit Card,Chennai
T0146,2025-09-15,C306,Male,28.0,Groceries,Coffee,4,81.59,326.36,Net Banking,Mumbai
T0147,2025-12-20,C288,Female,27.0,Clothing,Shoes,2,1137.14,2274.28,Net Banking,Chennai
T0148,2025-11-15,C160,Male,24.0,Home & Kitchen,Cookware,1,5584.32,5584.32,Net Banking,Pune
T0149,2025-07-12,C122,Female,25.0,Beauty,Moisturizer,1,2891.05,2891.05,Debit Card,Bengaluru
T0150,2025-06-13,C351,Male,31.0,Clothing,Jeans,5,5828.83,29144.15,Cash,Pune
T0151,2025-08-14,C385,Female,41.0,Beauty,Perfume,1,203.91,203.91,UPI,Chennai
T0152,2025-06-06,C175,Female,25.0,Groceries,Rice,1,1208.63,1208.63,Credit Card,Delhi
T0153,2025-05-27,C487,Male,34.0,Beauty,Shampoo,4,3865.18,15460.72,UPI,Bengaluru
T0154,2025-11-16,C381,Female,32.0,Beauty,Shampoo,1,1009.8,1009.8,Cash,Bengaluru
T0155,2025-01-08,C179,Male,18.0,Beauty,Moisturizer,1,546.43,546.43,Credit Card,Mumbai
T0156,2025-11-12,C478,Male,31.0,Home & Kitchen,Mixer,1,1067.55,1067.55,Cash,Delhi
T0157,2025-11-15,C314,Female,23.0,Electronics,Laptop,1,33562.92,33562.92,Net Banking,Pune
T0158,2025-07-28,C172,Male,48.0,Clothing,Shoes,2,5913.93,11827.86,Credit Card,Delhi
T0159,2025-09-24,C314,Male,42.0,Clothing,Jeans,5,5493.0,27465.0,UPI,Hyderabad
T0160,2025-11-06,C186,Female,37.0,Beauty,Face Wash,2,269.8,539.6,Cash,Hyderabad
T0161,2025-04-26,C254,Female,21.0,Clothing,Shoes,2,682.62,1365.24,Credit Card,Delhi
T0162,2025-04-16,C475,Female,30.0,Clothing,Jeans,3,5017.92,15053.76,UPI,Chennai
T0163,2025-02-10,C470,Female,32.0,Groceries,Biscuits,2,950.38,1900.76,Credit Card,Mumbai
T0164,2025-03-25,C308,Female,38.0,Beauty,Shampoo,2,2040.71,4081.42,Credit Card,Delhi
T0165,2025-01-12,C187,Female,34.0,Clothing,Jacket,3,948.96,2846.88,Net Banking,Hyderabad
T0166,2025-12-22,C273,Female,51.0,Groceries,Biscuits,1,1465.73,1465.73,Net Banking,Pune
T0167,2025-12-27,C159,Male,47.0,Home & Kitchen,Air Fryer,1,11958.57,11958.57,Cash,Bengaluru
T0168,2025-07-26,C453,Male,34.0,Home & Kitchen,Blender,1,5427.92,5427.92,Cash,Hyderabad
T0169,2025-01-20,C252,Female,41.0,Groceries,Biscuits,2,1124.2,2248.4,UPI,Chennai
T0170,2025-08-16,C166,Male,27.0,Electronics,Smartwatch,1,28566.79,28566.79,Credit Card,Mumbai
T0171,2025-02-09,C121,Male,38.0,Clothing,Jacket,1,3926.32,3926.32,UPI,Chennai
T0172,2025-10-25,C114,Female,31.0,Clothing,Shoes,2,3810.2,7620.4,Credit Card,Pune
T0173,2025-08-19,C184,Female,18.0,Groceries,Coffee,4,712.33,2849.32,UPI,Chennai
T0174,2025-09-18,C264,Male,29.0,Electronics,Smartphone,2,52615.29,105230.58,Debit Card,Bengaluru
T0175,2025-09-14,C233,Female,30.0,Home & Kitchen,Cookware,1,10066.38,10066.38,Debit Card,Mumbai
T0176,2025-05-01,C207,Male,18.0,Electronics,Smartphone,1,16716.2,16716.2,Net Banking,Mumbai
T0177,2025-04-18,C351,Male,33.0,Groceries,Rice,2,1312.95,2625.9,Cash,Bengaluru
T0178,2025-10-12,C101,Male,34.0,Clothing,T-Shirt,2,5651.33,11302.66,Debit Card,Delhi
T0179,2025-09-08,C399,Female,47.0,Groceries,Rice,2,761.45,1522.9,Credit Card,Hyderabad
T0180,2025-06-27,C394,Female,37.0,Clothing,T-Shirt,4,3001.07,12004.28,Net Banking,Mumbai
T0181,2025-06-06,C452,Female,22.0,Clothing,Jeans,1,4519.56,4519.56,Net Banking,Delhi
T0182,2025-04-24,C245,Female,35.0,Clothing,T-Shirt,4,5695.38,22781.52,UPI,Mumbai
T0183,2025-12-27,C190,Female,36.0,Home & Kitchen,Air Fryer,3,8236.78,24710.34,Cash,Bengaluru
T0184,2025-06-18,C189,Female,31.0,Clothing,Shoes,1,5874.46,5874.46,Net Banking,Hyderabad
T0185,2025-05-12,C202,Male,23.0,Groceries,Rice,3,1166.57,3499.71,Credit Card,Bengaluru
T0186,2025-05-09,C444,Female,26.0,Groceries,Rice,1,1313.84,1313.84,UPI,Pune
T0187,2025-11-01,C324,Male,41.0,Electronics,Smartwatch,2,36521.99,73043.98,Debit Card,Mumbai
T0188,2025-11-26,C365,Male,50.0,Clothing,Jacket,2,4175.17,8350.34,Net Banking,Bengaluru
T0189,2025-12-09,C426,Female,18.0,Clothing,Jeans,2,2669.01,5338.02,Credit Card,Mumbai
T0190,2025-12-02,C403,Male,31.0,Home & Kitchen,Blender,1,2912.29,2912.29,Cash,Hyderabad
T0191,2025-11-30,C481,Female,18.0,Beauty,Perfume,2,939.32,1878.64,Net Banking,Mumbai
T0192,2025-05-24,C206,Female,25.0,Home & Kitchen,Mixer,3,6792.52,20377.56,Credit Card,Bengaluru
T0193,2025-03-15,C139,Male,20.0,Electronics,Smartphone,1,43418.13,43418.13,UPI,Bengaluru
T0194,2025-09-20,C410,Male,27.0,Groceries,Coffee,4,682.83,2731.32,Cash,Pune
T0195,2025-01-26,C109,Male,31.0,Clothing,Jacket,3,5363.14,16089.42,Credit Card,Bengaluru
T0196,2025-02-18,C254,Male,35.0,Electronics,Smartphone,4,48037.12,192148.48,Net Banking,Mumbai
T0197,2025-06-13,C342,Male,27.0,Clothing,Shoes,3,1025.44,3076.32,UPI,Chennai
T0198,2025-05-30,C393,Male,42.0,Beauty,Shampoo,2,2234.36,4468.72,Debit Card,Mumbai
T0199,2025-11-16,C391,Male,37.0,Home & Kitchen,Cookware,1,2302.05,2302.05,Net Banking,Bengaluru
T0200,2025-08-29,C380,Female,18.0,Home & Kitchen,Cookware,2,8808.85,17617.7,Debit Card,Mumbai
T0201,2025-12-19,C264,Male,18.0,Clothing,Jeans,1,971.12,971.12,UPI,Hyderabad
T0202,2025-02-18,C416,Female,35.0,Home & Kitchen,Cookware,2,1484.49,2968.98,Cash,Pune
T0203,2025-10-27,C481,Female,18.0,Beauty,Perfume,2,2784.5,5569.0,Debit Card,Delhi
T0204,2025-10-18,C454,Male,38.0,Clothing,Jacket,2,2496.19,4992.38,Cash,Delhi
T0205,2025-05-01,C155,Female,20.0,Beauty,Shampoo,2,567.37,1134.74,Cash,Hyderabad
T0206,2025-08-25,C379,Female,36.0,Beauty,Moisturizer,3,3723.28,11169.84,Debit Card,Delhi
T0207,2025-08-19,C388,Male,30.0,Groceries,Cooking Oil,4,819.76,3279.04,Net Banking,Mumbai
T0208,2025-05-31,C214,Male,37.0,Beauty,Shampoo,1,647.07,647.07,Credit Card,Hyderabad
T0209,2025-06-03,C296,Female,30.0,Groceries,Coffee,1,643.71,643.71,Debit Card,Delhi
T0210,2025-01-12,C339,Male,37.0,Home & Kitchen,Blender,5,10321.1,51605.5,Credit Card,Delhi
T0211,2025-12-02,C107,Female,39.0,Clothing,T-Shirt,4,4932.59,19730.36,UPI,Pune
T0212,2025-07-25,C376,Female,27.0,Home & Kitchen,Cookware,1,3226.84,3226.84,Credit Card,Hyderabad
T0213,2025-12-02,C410,Female,18.0,Clothing,T-Shirt,2,1265.59,2531.18,Net Banking,Mumbai
T0214,2025-04-27,C492,Male,27.0,Home & Kitchen,Blender,2,2354.03,4708.06,Credit Card,Mumbai
T0215,2025-05-21,C131,Female,30.0,Electronics,Headphones,5,30489.89,152449.45,Cash,Bengaluru
T0216,2025-02-12,C354,Female,35.0,Groceries,Cooking Oil,4,80.47,321.88,Cash,Chennai
T0217,2025-09-10,C156,Male,27.0,Home & Kitchen,Mixer,1,11941.99,11941.99,UPI,Chennai
T0218,2025-09-20,C180,Female,44.0,Electronics,Headphones,1,48700.19,48700.19,Cash,Hyderabad
T0219,2025-08-19,C278,Male,18.0,Beauty,Moisturizer,2,2202.76,4405.52,Net Banking,Mumbai
T0220,2025-01-14,C329,Male,39.0,Groceries,Biscuits,2,668.06,1336.12,Net Banking,Delhi
T0221,2025-11-10,C476,Male,26.0,Clothing,Jeans,1,4681.59,4681.59,Net Banking,Hyderabad
T0222,2025-06-30,C438,Male,29.0,Groceries,Rice,4,973.6,3894.4,Net Banking,Mumbai
T0223,2025-04-27,C382,Female,38.0,Electronics,Headphones,2,21833.0,43666.0,Cash,Bengaluru
T0224,2025-08-21,C321,Female,18.0,Beauty,Moisturizer,3,2008.87,6026.61,Net Banking,Delhi
T0225,2025-02-17,C129,Male,32.0,Clothing,T-Shirt,5,4948.86,24744.3,Credit Card,Bengaluru
T0226,2025-07-22,C347,Female,22.0,Clothing,Shoes,4,3038.13,12152.52,Debit Card,Delhi
T0227,2025-03-28,C201,Female,28.0,Electronics,Headphones,4,13496.06,53984.24,Net Banking,Hyderabad
T0228,2025-06-01,C117,Male,39.0,Home & Kitchen,Mixer,1,1505.2,1505.2,Cash,Pune
T0229,2025-01-28,C151,Male,20.0,Clothing,Jacket,3,4137.54,12412.62,Credit Card,Pune
T0230,2025-05-18,C138,Male,18.0,Groceries,Coffee,4,177.57,710.28,Cash,Hyderabad
T0231,2025-03-19,C205,Male,18.0,Electronics,Smartphone,1,39980.67,39980.67,UPI,Bengaluru
T0232,2025-09-15,C474,Male,24.0,Clothing,Jeans,3,2110.52,6331.56,Net Banking,Mumbai
T0233,2025-04-24,C378,Female,21.0,Clothing,Jacket,2,3525.51,7051.02,Cash,Pune
T0234,2025-05-02,C132,Female,32.0,Beauty,Moisturizer,2,248.32,496.64,UPI,Mumbai
T0235,2025-12-26,C338,Male,38.0,Electronics,Headphones,2,51783.92,103567.84,Cash,Chennai
T0236,2025-09-15,C129,Male,21.0,Home & Kitchen,Mixer,5,1187.86,5939.3,Cash,Chennai
T0237,2025-07-08,C453,Female,18.0,Clothing,Jacket,1,2773.79,2773.79,Debit Card,Delhi
T0238,2025-10-08,C228,Male,29.0,Home & Kitchen,Blender,3,10568.55,31705.65,Credit Card,Bengaluru
T0239,2025-01-10,C484,Female,27.0,Electronics,Smartwatch,3,18609.85,55829.55,Debit Card,Chennai
T0240,2025-03-27,C334,Female,21.0,Clothing,T-Shirt,2,3462.83,6925.66,Credit Card,Delhi
T0241,2025-03-11,C412,Male,37.0,Beauty,Face Wash,3,3399.49,10198.47,Net Banking,Bengaluru
T0242,2025-01-24,C327,Female,41.0,Beauty,Perfume,2,2943.87,5887.74,Net Banking,Delhi
T0243,2025-04-29,C171,Female,18.0,Groceries,Coffee,3,212.05,636.15,Net Banking,Delhi
T0244,2025-09-11,C124,Female,42.0,Home & Kitchen,Air Fryer,1,3247.46,3247.46,Credit Card,Chennai
T0245,2025-03-17,C130,Female,40.0,Beauty,Moisturizer,1,2842.58,2842.58,Net Banking,Mumbai
T0246,2025-04-23,C283,Male,18.0,Home & Kitchen,Air Fryer,2,2082.86,4165.72,Credit Card,Mumbai
T0247,2025-06-10,C298,Female,36.0,Electronics,Headphones,3,23571.06,70713.18,Cash,Chennai
T0248,2025-11-21,C161,Female,36.0,Beauty,Perfume,3,3811.19,11433.57,Credit Card,Chennai
T0249,2025-02-04,C402,Female,31.0,Groceries,Biscuits,1,1415.76,1415.76,Debit Card,Pune
T0250,2025-03-15,C292,Male,18.0,Groceries,Cooking Oil,1,1219.75,1219.75,Cash,Delhi
T0251,2025-06-23,C416,Female,30.0,Clothing,Shoes,1,815.04,815.04,Cash,Hyderabad
T0252,2025-12-30,C206,Female,31.0,Beauty,Moisturizer,2,250.93,501.86,Cash,Chennai
T0253,2025-07-24,C170,Female,21.0,Beauty,Shampoo,3,1909.01,5727.03,UPI,Pune
T0254,2025-12-29,C121,Female,20.0,Beauty,Moisturizer,1,2554.86,2554.86,Credit Card,Hyderabad
T0255,2025-05-23,C299,Male,28.0,Home & Kitchen,Blender,3,6896.02,20688.06,Credit Card,Bengaluru
T0256,2025-11-10,C121,Female,27.0,Beauty,Moisturizer,1,2977.12,2977.12,Net Banking,Chennai
T0257,2025-06-10,C278,Male,18.0,Clothing,T-Shirt,5,3846.9,19234.5,Cash,Bengaluru
T0258,2025-06-01,C161,Male,54.0,Electronics,Headphones,3,36345.49,109036.47,Credit Card,Mumbai
T0259,2025-07-17,C198,Male,31.0,Clothing,Jacket,2,949.49,1898.98,Credit Card,Pune
T0260,2025-11-26,C198,Female,26.0,Groceries,Coffee,3,386.85,1160.55,Debit Card,Pune
T0261,2025-08-31,C419,Male,26.0,Beauty,Moisturizer,2,3916.63,7833.26,Net Banking,Mumbai
T0262,2025-05-23,C476,Female,32.0,Clothing,Jacket,3,4647.59,13942.77,Net Banking,Delhi
T0263,2025-09-05,C354,Male,45.0,Beauty,Moisturizer,2,2299.55,4599.1,Cash,Hyderabad
T0264,2025-10-06,C189,Male,33.0,Clothing,Shoes,3,2545.63,7636.89,Credit Card,Chennai
T0265,2025-03-26,C172,Male,18.0,Home & Kitchen,Mixer,3,7226.81,21680.43,UPI,Delhi
T0266,2025-09-20,C436,Male,32.0,Clothing,Jeans,2,3568.01,7136.02,Net Banking,Chennai
T0267,2025-01-08,C201,Female,30.0,Home & Kitchen,Cookware,2,1077.23,2154.46,Cash,Chennai
T0268,2025-10-02,C132,Male,18.0,Groceries,Cooking Oil,3,1454.21,4362.63,Cash,Chennai
T0269,2025-04-12,C323,Male,19.0,Electronics,Headphones,3,24796.58,74389.74,Debit Card,Pune
T0270,2025-06-03,C482,Female,29.0,Electronics,Headphones,2,45406.39,90812.78,Net Banking,Chennai
T0271,2025-12-30,C464,Male,32.0,Groceries,Cooking Oil,2,1088.54,2177.08,Net Banking,Bengaluru
T0272,2025-10-04,C256,Female,33.0,Home & Kitchen,Air Fryer,1,2663.51,2663.51,Credit Card,Delhi
T0273,2025-03-16,C379,Female,38.0,Electronics,Smartphone,3,17945.54,53836.62,UPI,Pune
T0274,2025-10-16,C312,Male,28.0,Beauty,Perfume,4,1165.1,4660.4,Credit Card,Bengaluru
T0275,2025-05-08,C291,Male,34.0,Home & Kitchen,Air Fryer,5,1521.18,7605.9,Cash,Bengaluru
T0276,2025-08-15,C413,Male,19.0,Electronics,Headphones,1,19057.51,19057.51,Net Banking,Delhi
T0277,2025-07-26,C310,Male,28.0,Beauty,Shampoo,3,424.56,1273.68,UPI,Delhi
T0278,2025-02-15,C138,Female,33.0,Home & Kitchen,Blender,2,1954.18,3908.36,Cash,Pune
T0279,2025-08-03,C250,Female,24.0,Home & Kitchen,Blender,3,11074.27,33222.81,UPI,Chennai
T0280,2025-06-22,C427,Female,29.0,Home & Kitchen,Blender,3,9795.45,29386.35,UPI,Chennai
T0281,2025-11-13,C264,Female,51.0,Beauty,Perfume,2,1030.08,2060.16,UPI,Delhi
T0282,2025-05-22,C303,Male,35.0,Electronics,Smartwatch,2,22759.08,45518.16,Debit Card,Hyderabad
T0283,2025-07-02,C116,Male,39.0,Home & Kitchen,Cookware,4,2794.23,11176.92,UPI,Delhi
T0284,2025-09-12,C249,Male,47.0,Beauty,Perfume,1,3198.81,3198.81,Cash,Pune
T0285,2025-03-06,C108,Male,32.0,Home & Kitchen,Air Fryer,3,10632.46,31897.38,Cash,Delhi
T0286,2025-01-26,C408,Male,36.0,Beauty,Shampoo,3,2487.31,7461.93,Net Banking,Chennai
T0287,2025-03-17,C167,Female,19.0,Beauty,Face Wash,2,596.05,1192.1,Cash,Bengaluru
T0288,2025-03-28,C362,Female,37.0,Clothing,Jacket,3,3284.46,9853.38,UPI,Bengaluru
T0289,2025-04-03,C209,Male,23.0,Electronics,Smartphone,1,22394.34,22394.34,Debit Card,Delhi
T0290,2025-05-21,C289,Female,29.0,Home & Kitchen,Air Fryer,1,3039.02,3039.02,UPI,Delhi
T0291,2025-09-02,C292,Female,32.0,Electronics,Laptop,1,32068.3,32068.3,Credit Card,Chennai
T0292,2025-01-17,C444,Male,32.0,Electronics,Smartphone,3,22797.24,68391.72,Debit Card,Chennai
T0293,2025-02-15,C145,Male,49.0,Electronics,Headphones,5,14837.43,74187.15,Cash,Chennai
T0294,2025-09-25,C340,Male,29.0,Beauty,Moisturizer,4,2913.32,11653.28,Net Banking,Bengaluru
T0295,2025-08-03,C277,Male,36.0,Beauty,Shampoo,1,2926.77,2926.77,Cash,Bengaluru
T0296,2025-03-23,C247,Male,34.0,Clothing,Jeans,3,4901.95,14705.85,Cash,Mumbai
T0297,2025-10-12,C205,Female,18.0,Electronics,Smartphone,3,29459.12,88377.36,Credit Card,Chennai
T0298,2025-04-28,C301,Male,21.0,Home & Kitchen,Mixer,1,7887.89,7887.89,Cash,Chennai
T0299,2025-09-25,C335,Male,30.0,Beauty,Shampoo,1,244.49,244.49,Net Banking,Bengaluru
T0300,2025-10-06,C394,Female,22.0,Groceries,Rice,3,386.79,1160.37,Net Banking,Delhi
T0301,2025-01-30,C288,Female,22.0,Home & Kitchen,Cookware,2,10437.69,20875.38,Credit Card,Chennai
T0302,2025-01-23,C460,Male,28.0,Home & Kitchen,Air Fryer,2,9280.67,18561.34,Credit Card,Chennai
T0303,2025-01-07,C296,Male,40.0,Electronics,Laptop,2,16676.73,33353.46,UPI,Hyderabad
T0304,2025-05-06,C495,Male,41.0,Beauty,Perfume,1,2654.13,2654.13,UPI,Delhi
T0305,2025-04-23,C465,Female,18.0,Groceries,Cooking Oil,5,724.68,3623.4,Net Banking,Delhi
T0306,2025-06-04,C463,Female,24.0,Home & Kitchen,Blender,5,5041.54,25207.7,Debit Card,Bengaluru
T0307,2025-05-02,C225,Male,21.0,Home & Kitchen,Cookware,2,2169.54,4339.08,Credit Card,Mumbai
T0308,2025-07-20,C469,Male,25.0,Groceries,Biscuits,4,936.18,3744.72,Net Banking,Chennai
T0309,2025-11-01,C497,Female,18.0,Beauty,Face Wash,2,785.75,1571.5,Net Banking,Delhi
T0310,2025-12-20,C209,Male,18.0,Groceries,Biscuits,4,585.78,2343.12,Credit Card,Hyderabad
T0311,2025-04-02,C380,Male,18.0,Groceries,Coffee,4,853.66,3414.64,Debit Card,Pune
T0312,2025-04-09,C352,Female,37.0,Clothing,Jacket,1,4803.14,4803.14,UPI,Bengaluru
T0313,2025-05-27,C164,Male,23.0,Home & Kitchen,Mixer,4,8733.0,34932.0,Net Banking,Bengaluru
T0314,2025-05-29,C346,Male,34.0,Home & Kitchen,Cookware,2,10530.65,21061.3,Cash,Pune
T0315,2025-05-27,C254,Female,36.0,Electronics,Smartwatch,5,15737.39,78686.95,Cash,Mumbai
T0316,2025-08-16,C202,Male,26.0,Beauty,Moisturizer,2,1349.3,2698.6,UPI,Delhi
T0317,2025-08-07,C182,Female,27.0,Home & Kitchen,Blender,3,10807.31,32421.93,Debit Card,Mumbai
T0318,2025-04-26,C437,Male,36.0,Groceries,Biscuits,1,235.16,235.16,UPI,Hyderabad
T0319,2025-10-14,C308,Female,28.0,Home & Kitchen,Blender,2,7780.5,15561.0,Net Banking,Delhi
T0320,2025-05-06,C377,Female,40.0,Home & Kitchen,Blender,3,2219.12,6657.36,Cash,Bengaluru
T0321,2025-09-21,C382,Male,32.0,Electronics,Smartwatch,3,59508.39,178525.17,Debit Card,Hyderabad
T0322,2025-05-21,C332,Female,47.0,Beauty,Face Wash,2,462.31,924.62,Net Banking,Mumbai
T0323,2025-10-17,C484,Female,33.0,Electronics,Headphones,1,28753.21,28753.21,Debit Card,Chennai
T0324,2025-10-17,C145,Male,36.0,Home & Kitchen,Cookware,3,11408.87,34226.61,Debit Card,Chennai
T0325,2025-07-03,C211,Male,28.0,Clothing,Shoes,1,4405.61,4405.61,Cash,Bengaluru
T0326,2025-02-24,C127,Female,18.0,Home & Kitchen,Air Fryer,1,2421.32,2421.32,Net Banking,Pune
T0327,2025-11-09,C381,Female,30.0,Electronics,Smartphone,2,26606.33,53212.66,UPI,Delhi
T0328,2025-05-28,C260,Female,30.0,Clothing,Jeans,3,3550.62,10651.86,Credit Card,Mumbai
T0329,2025-09-21,C112,Male,32.0,Beauty,Face Wash,2,742.93,1485.86,Credit Card,Bengaluru
T0330,2025-03-20,C341,Female,43.0,Clothing,Jacket,1,4617.55,4617.55,Net Banking,Bengaluru
T0331,2025-11-21,C477,Female,38.0,Clothing,Shoes,2,3068.32,6136.64,Net Banking,Mumbai
T0332,2025-06-11,C200,Female,32.0,Home & Kitchen,Mixer,2,3755.44,7510.88,Debit Card,Pune
T0333,2025-08-06,C416,Male,36.0,Home & Kitchen,Mixer,3,2011.06,6033.18,UPI,Bengaluru
T0334,2025-01-24,C464,Male,28.0,Groceries,Rice,4,339.59,1358.36,UPI,Mumbai
T0335,2025-04-11,C404,Male,28.0,Electronics,Laptop,2,59972.24,119944.48,Cash,Hyderabad
T0336,2025-08-15,C336,Male,18.0,Home & Kitchen,Blender,1,7868.99,7868.99,Cash,Hyderabad
T0337,2025-06-15,C410,Female,18.0,Groceries,Coffee,3,607.05,1821.15,UPI,Mumbai
T0338,2025-08-04,C364,Male,43.0,Groceries,Biscuits,2,499.33,998.66,Cash,Bengaluru
T0339,2025-08-23,C327,Male,26.0,Home & Kitchen,Air Fryer,2,1664.36,3328.72,UPI,Hyderabad
T0340,2025-02-15,C113,Male,49.0,Clothing,T-Shirt,1,5095.14,5095.14,Credit Card,Delhi
T0341,2025-01-29,C271,Male,21.0,Electronics,Smartwatch,4,21867.11,87468.44,Cash,Bengaluru
T0342,2025-06-05,C372,Male,41.0,Beauty,Shampoo,3,1385.08,4155.24,UPI,Mumbai
T0343,2025-08-12,C253,Male,36.0,Clothing,Shoes,1,1960.71,1960.71,Credit Card,Mumbai
T0344,2025-05-15,C328,Male,35.0,Electronics,Laptop,2,37540.81,75081.62,Debit Card,Hyderabad
T0345,2025-05-12,C204,Male,36.0,Home & Kitchen,Air Fryer,2,5197.46,10394.92,Net Banking,Hyderabad
T0346,2025-05-04,C318,Female,36.0,Groceries,Coffee,2,752.23,1504.46,Credit Card,Hyderabad
T0347,2025-08-21,C117,Male,30.0,Groceries,Cooking Oil,5,187.36,936.8,Credit Card,Mumbai
T0348,2025-10-28,C439,Male,32.0,Clothing,T-Shirt,2,4797.27,9594.54,Net Banking,Pune
T0349,2025-04-12,C316,Female,34.0,Beauty,Perfume,3,3800.1,11400.3,Cash,Hyderabad
T0350,2025-01-05,C184,Female,,Electronics,Laptop,1,15659.76,15659.76,UPI,Chennai
T0351,2025-02-15,C490,Female,40.0,Electronics,Laptop,2,57351.7,114703.4,Credit Card,Delhi
T0352,2025-01-06,C193,Female,22.0,Clothing,Jeans,2,741.45,1482.9,Cash,Pune
T0353,2025-09-29,C168,Male,34.0,Home & Kitchen,Air Fryer,1,11555.08,11555.08,Cash,Chennai
T0354,2025-03-30,C374,Male,33.0,Clothing,Jeans,2,1927.48,3854.96,Credit Card,Bengaluru
T0355,2025-01-08,C452,Female,34.0,Beauty,Moisturizer,3,814.35,2443.05,UPI,Chennai
T0356,2025-04-03,C186,Female,30.0,Electronics,Headphones,5,47706.11,238530.55,UPI,Pune
T0357,2025-08-04,C270,Female,36.0,Clothing,Shoes,1,3989.0,3989.0,Credit Card,Chennai
T0358,2025-05-21,C273,Female,27.0,Groceries,Biscuits,1,762.86,762.86,Cash,Hyderabad
T0359,2025-06-12,C199,Male,23.0,Home & Kitchen,Cookware,2,9223.19,18446.38,Debit Card,Bengaluru
T0360,2025-06-30,C191,Female,43.0,Electronics,Laptop,5,28088.8,140444.0,Cash,Hyderabad
T0361,2025-07-12,C378,Female,30.0,Clothing,T-Shirt,1,714.11,714.11,Net Banking,Hyderabad
T0362,2025-05-29,C199,Female,20.0,Groceries,Cooking Oil,2,699.99,1399.98,Credit Card,Chennai
T0363,2025-05-12,C379,Female,37.0,Home & Kitchen,Mixer,5,10785.91,53929.55,Cash,Bengaluru
T0364,2025-05-27,C212,Male,27.0,Beauty,Face Wash,2,907.32,1814.64,,Delhi
T0365,2025-07-08,C264,Female,18.0,Electronics,Headphones,3,51462.95,154388.85,Net Banking,Bengaluru
T0366,2025-06-30,C348,Female,31.0,Beauty,Perfume,2,1960.52,3921.04,Net Banking,Pune
T0367,2025-11-09,C238,Female,54.0,Groceries,Coffee,1,594.29,594.29,Net Banking,Pune
T0368,2025-11-28,C138,Male,38.0,Beauty,Perfume,4,397.22,1588.88,Cash,Hyderabad
T0369,2025-07-25,C285,Female,18.0,Groceries,Rice,1,1091.92,1091.92,Debit Card,Delhi
T0370,2025-11-06,C249,Female,23.0,Beauty,Perfume,1,3097.43,3097.43,UPI,Chennai
T0371,2025-09-30,C424,Female,18.0,Clothing,Jeans,2,3150.27,6300.54,Cash,Hyderabad
T0372,2025-07-10,C317,Male,31.0,Home & Kitchen,Mixer,2,9522.27,19044.54,Cash,Hyderabad
T0373,2025-01-01,C478,Male,35.0,Electronics,Headphones,3,32009.24,96027.72,Net Banking,Delhi
T0374,2025-03-14,C241,Female,38.0,Electronics,Smartphone,1,10698.56,10698.56,Cash,Mumbai
T0375,2025-07-11,C165,Male,33.0,Groceries,Biscuits,3,698.16,2094.48,Debit Card,Bengaluru
T0376,2025-12-05,C143,Female,25.0,Beauty,Moisturizer,2,3644.97,7289.94,Debit Card,Delhi
T0377,2025-12-05,C490,Male,29.0,Clothing,T-Shirt,1,4376.79,4376.79,UPI,Hyderabad
T0378,2025-01-13,C340,Female,34.0,Home & Kitchen,Mixer,2,8818.53,17637.06,Debit Card,Chennai
T0379,2025-11-09,C428,Male,25.0,Beauty,Moisturizer,1,3511.37,3511.37,Debit Card,Bengaluru
T0380,2025-05-04,C213,Female,21.0,Home & Kitchen,Blender,1,8316.43,8316.43,Net Banking,Chennai
T0381,2025-03-10,C218,Female,36.0,Groceries,Biscuits,2,1326.74,2653.48,Debit Card,Hyderabad
T0382,2025-02-16,C267,Female,28.0,Clothing,Shoes,1,4226.48,4226.48,UPI,Pune
T0383,2025-09-05,C129,Female,24.0,Beauty,Shampoo,3,3184.02,9552.06,Credit Card,Bengaluru
T0384,2025-07-21,C117,Female,33.0,Electronics,Smartphone,1,31406.06,31406.06,Credit Card,Pune
T0385,2025-06-26,C304,Male,18.0,Beauty,Shampoo,2,976.87,1953.74,Debit Card,Chennai
T0386,2025-05-04,C380,Female,32.0,Clothing,Jeans,2,1976.94,3953.88,Credit Card,Chennai
T0387,2025-11-18,C409,Female,47.0,Home & Kitchen,Mixer,2,1740.68,3481.36,Debit Card,Delhi
T0388,2025-11-22,C333,Male,23.0,Home & Kitchen,Cookware,2,8294.23,16588.46,Cash,Chennai
T0389,2025-01-25,C384,Male,27.0,Beauty,Shampoo,2,2864.33,5728.66,UPI,Pune
T0390,2025-05-18,C173,Male,32.0,Beauty,Perfume,1,1910.97,1910.97,Credit Card,Delhi
T0391,2025-05-07,C467,Male,29.0,Electronics,Laptop,1,46915.99,46915.99,Cash,Pune
T0392,2025-12-14,C373,Male,28.0,Home & Kitchen,Mixer,2,11957.76,23915.52,UPI,Hyderabad
T0393,2025-02-16,C163,Male,24.0,Clothing,Jeans,1,5326.09,5326.09,UPI,Delhi
T0394,2025-03-02,C418,Female,32.0,Groceries,Biscuits,1,168.79,168.79,UPI,Chennai
T0395,2025-06-23,C487,Female,34.0,Clothing,Jeans,5,3493.4,17467.0,UPI,Chennai
T0396,2025-04-17,C445,Male,34.0,Home & Kitchen,Cookware,2,11104.66,22209.32,UPI,Mumbai
T0397,2025-02-27,C463,Male,33.0,Beauty,Face Wash,3,1926.51,5779.53,Cash,Delhi
T0398,2025-02-06,C435,Female,37.0,Clothing,Shoes,2,4071.27,8142.54,Credit Card,Bengaluru
T0399,2025-07-26,C229,Male,23.0,Home & Kitchen,Cookware,2,11176.35,22352.7,Debit Card,Delhi
T0400,2025-05-13,C302,Female,30.0,Clothing,T-Shirt,1,1377.21,1377.21,Net Banking,Bengaluru
T0401,2025-05-20,C383,Female,27.0,Home & Kitchen,Mixer,3,790.0,2370.0,Credit Card,Hyderabad
T0402,2025-06-02,C337,Male,42.0,Groceries,Rice,2,1256.55,2513.1,Net Banking,Mumbai
T0403,2025-05-17,C106,Male,37.0,Clothing,T-Shirt,4,1064.12,4256.48,Net Banking,Chennai
T0404,2025-03-17,C413,Male,30.0,Electronics,Laptop,3,53987.58,161962.74,UPI,Pune
T0405,2025-09-04,C204,Male,35.0,Groceries,Biscuits,1,246.92,246.92,Credit Card,Pune
T0406,2025-07-28,C226,Male,20.0,Beauty,Shampoo,1,2257.2,2257.2,Credit Card,Chennai
T0407,2025-01-11,C306,Male,41.0,Clothing,Jeans,1,1665.42,1665.42,Debit Card,Delhi
T0408,2025-06-24,C389,Female,48.0,Beauty,Moisturizer,2,2316.14,4632.28,UPI,Chennai
T0409,2025-05-21,C346,Male,44.0,Home & Kitchen,Cookware,1,4401.34,4401.34,Credit Card,Pune
T0410,2025-10-22,C228,Female,24.0,Groceries,Cooking Oil,2,246.43,492.86,Credit Card,Hyderabad
T0411,2025-07-12,C341,Female,37.0,Groceries,Rice,3,1431.05,4293.15,UPI,Chennai
T0412,2025-04-27,C382,Female,41.0,Electronics,Headphones,2,37155.27,74310.54,UPI,Delhi
T0413,2025-12-30,C218,Male,42.0,Beauty,Face Wash,3,3404.64,10213.92,Net Banking,Chennai
T0414,2025-05-19,C281,Female,31.0,Home & Kitchen,Cookware,2,6173.09,12346.18,UPI,Bengaluru
T0415,2025-08-08,C216,Male,27.0,Home & Kitchen,Air Fryer,2,11639.14,23278.28,UPI,Pune
T0416,2025-01-20,C321,Male,39.0,Clothing,Jeans,2,5940.7,11881.4,Credit Card,Pune
T0417,2025-05-12,C160,Female,31.0,Home & Kitchen,Blender,2,8684.97,17369.94,Debit Card,Bengaluru
T0418,2025-03-03,C356,Male,27.0,Home & Kitchen,Air Fryer,1,3159.64,3159.64,UPI,Mumbai
T0419,2025-09-07,C414,Male,32.0,Beauty,Shampoo,1,3112.76,3112.76,Net Banking,Delhi
T0420,2025-07-11,C144,Male,45.0,Clothing,Shoes,1,4191.37,4191.37,Debit Card,Mumbai
T0421,2025-10-04,C164,Female,32.0,Electronics,Headphones,4,47453.2,189812.8,Cash,Bengaluru
T0422,2025-06-19,C369,Male,34.0,Groceries,Rice,2,302.2,604.4,Debit Card,Hyderabad
T0423,2025-06-27,C496,Male,39.0,Groceries,Biscuits,2,910.23,1820.46,Credit Card,Bengaluru
T0424,2025-07-14,C266,Male,38.0,Electronics,Smartwatch,2,35729.07,71458.14,Net Banking,Hyderabad
T0425,2025-10-05,C174,Male,35.0,Groceries,Cooking Oil,1,925.33,925.33,Net Banking,Mumbai
T0426,2025-01-28,C492,Male,20.0,Beauty,Shampoo,3,1599.72,4799.16,Net Banking,Delhi
T0427,2025-07-06,C332,Male,39.0,Groceries,Rice,3,689.16,2067.48,Net Banking,Pune
T0428,2025-09-13,C138,Female,33.0,Clothing,Jeans,3,4969.92,14909.76,Debit Card,Mumbai
T0429,2025-10-18,C287,Male,54.0,Beauty,Perfume,1,1408.8,1408.8,Debit Card,Delhi
T0430,2025-10-18,C186,Female,18.0,Home & Kitchen,Cookware,1,8094.06,8094.06,Credit Card,Hyderabad
T0431,2025-07-16,C441,Male,30.0,Beauty,Moisturizer,1,3765.97,3765.97,Credit Card,Chennai
T0432,2025-06-20,C174,Male,18.0,Electronics,Smartwatch,5,47349.97,236749.85,Debit Card,Hyderabad
T0433,2025-07-16,C291,Male,37.0,Beauty,Moisturizer,4,1499.24,5996.96,Net Banking,Chennai
T0434,2025-06-19,C266,Male,31.0,Groceries,Cooking Oil,2,1302.68,2605.36,Debit Card,Chennai
T0435,2025-05-13,C443,Male,39.0,Groceries,Coffee,1,1393.57,1393.57,Debit Card,Hyderabad
T0436,2025-03-05,C427,Female,26.0,Electronics,Laptop,1,16122.74,16122.74,UPI,Mumbai
T0437,2025-02-28,C143,Male,36.0,Clothing,Jacket,1,4269.67,4269.67,Cash,Delhi
T0438,2025-03-31,C194,Male,29.0,Beauty,Shampoo,4,2628.32,10513.28,Net Banking,Bengaluru
T0439,2025-10-26,C250,Female,33.0,Groceries,Rice,2,921.83,1843.66,Net Banking,Bengaluru
T0440,2025-11-14,C335,Male,27.0,Electronics,Smartwatch,2,20806.87,41613.74,Net Banking,Chennai
T0441,2025-10-20,C334,Male,32.0,Home & Kitchen,Mixer,1,2966.25,2966.25,UPI,Pune
T0442,2025-09-30,C164,Female,31.0,Beauty,Moisturizer,1,3906.3,3906.3,Net Banking,Chennai
T0443,2025-02-21,C371,Male,28.0,Home & Kitchen,Cookware,1,1841.05,1841.05,Cash,Chennai
T0444,2025-08-24,C156,Male,18.0,Groceries,Coffee,1,242.49,242.49,Debit Card,Delhi
T0445,2025-10-09,C186,Female,18.0,Groceries,Coffee,1,1465.03,1465.03,Credit Card,Delhi
T0446,2025-04-06,C290,Male,18.0,Clothing,Jacket,1,3598.75,3598.75,Credit Card,Delhi
T0447,2025-11-09,C206,Male,29.0,Home & Kitchen,Air Fryer,1,5893.3,5893.3,Credit Card,Hyderabad
T0448,2025-04-16,C371,Male,18.0,Groceries,Rice,2,1027.44,2054.88,Net Banking,Hyderabad
T0449,2025-11-28,C138,Male,18.0,Electronics,Smartwatch,2,46565.36,93130.72,Cash,Hyderabad
T0450,2025-07-15,C287,Male,25.0,Home & Kitchen,Air Fryer,2,4409.03,8818.06,Net Banking,Pune
T0451,2025-04-05,C410,Female,32.0,Electronics,Smartphone,2,33460.47,66920.94,Cash,Hyderabad
T0452,2025-04-30,C320,Male,18.0,Groceries,Cooking Oil,1,266.95,266.95,Debit Card,Mumbai
T0453,2025-09-04,C172,Female,38.0,Home & Kitchen,Mixer,2,7215.74,14431.48,UPI,Delhi
T0454,2025-06-26,C415,Male,28.0,Home & Kitchen,Cookware,2,1683.29,3366.58,Net Banking,Pune
T0455,2025-02-14,C227,Female,54.0,Beauty,Face Wash,2,3056.37,6112.74,Credit Card,Hyderabad
T0456,2025-09-30,C158,Female,52.0,Beauty,Moisturizer,3,777.78,2333.34,Credit Card,Chennai
T0457,2025-08-17,C256,Male,20.0,Groceries,Biscuits,1,1369.98,1369.98,Net Banking,Bengaluru
T0458,2025-04-06,C321,Female,23.0,Clothing,Jacket,2,5997.57,11995.14,Credit Card,Pune
T0459,2025-12-30,C153,Male,18.0,Home & Kitchen,Mixer,3,5992.13,17976.39,Cash,Delhi
T0460,2025-01-01,C144,Male,36.0,Electronics,Smartphone,2,51637.38,103274.76,Debit Card,Bengaluru
T0461,2025-11-17,C207,Female,32.0,Electronics,Smartwatch,1,17021.79,17021.79,Credit Card,Delhi
T0462,2025-08-09,C313,Male,21.0,Home & Kitchen,Blender,2,8062.13,16124.26,Credit Card,Delhi
T0463,2025-05-19,C444,Male,30.0,Groceries,Rice,3,412.88,1238.64,Net Banking,Chennai
T0464,2025-09-30,C106,Male,42.0,Clothing,Jacket,1,4004.02,4004.02,Cash,Bengaluru
T0465,2025-09-26,C408,Female,18.0,Groceries,Biscuits,4,562.47,2249.88,UPI,Hyderabad
T0466,2025-09-09,C455,Female,30.0,Beauty,Perfume,2,3219.03,6438.06,Debit Card,Mumbai
T0467,2025-07-27,C470,Female,39.0,Electronics,Laptop,5,17658.12,88290.6,Cash,Chennai
T0468,2025-05-22,C337,Male,25.0,Electronics,Headphones,1,38951.07,38951.07,Credit Card,Chennai
T0469,2025-01-10,C311,Male,50.0,Clothing,Shoes,3,4646.27,13938.81,Net Banking,Chennai
T0470,2025-04-15,C281,Female,26.0,Clothing,Jacket,1,537.83,537.83,Credit Card,Bengaluru
T0471,2025-09-03,C189,Female,21.0,Clothing,Shoes,1,1088.81,1088.81,Debit Card,Bengaluru
T0472,2025-10-21,C353,Male,40.0,Groceries,Rice,4,1247.94,4991.76,Credit Card,Bengaluru
T0473,2025-04-23,C463,Female,18.0,Beauty,Perfume,1,2277.44,2277.44,Cash,Mumbai
T0474,2025-12-26,C251,Female,27.0,Home & Kitchen,Cookware,1,10565.12,10565.12,Debit Card,Bengaluru
T0475,2025-02-06,C156,Male,38.0,Clothing,T-Shirt,1,916.14,916.14,Net Banking,Delhi
T0476,2025-12-26,C288,Male,22.0,Groceries,Rice,1,924.68,924.68,Debit Card,Mumbai
T0477,2025-08-08,C478,Female,32.0,Beauty,Moisturizer,3,2332.77,6998.31,UPI,Bengaluru
T0478,2025-02-21,C445,Female,33.0,Groceries,Cooking Oil,1,151.5,151.5,UPI,Delhi
T0479,2025-12-01,C309,Female,19.0,Groceries,Biscuits,3,1354.8,4064.4,Debit Card,Pune
T0480,2025-06-15,C437,Female,32.0,Electronics,Smartphone,2,16113.86,32227.72,Net Banking,Delhi
T0481,2025-09-26,C341,Male,26.0,Home & Kitchen,Cookware,2,9309.28,18618.56,Net Banking,Chennai
T0482,2025-08-05,C126,Male,27.0,Beauty,Shampoo,3,490.96,1472.88,Net Banking,Bengaluru
T0483,2025-01-14,C113,Male,34.0,Beauty,Shampoo,5,2336.32,11681.6,Cash,Chennai
T0484,2025-04-10,C263,Female,20.0,Home & Kitchen,Blender,3,1567.87,4703.61,Credit Card,Mumbai
T0485,2025-05-21,C414,Female,18.0,Groceries,Rice,1,583.95,583.95,Net Banking,Delhi
T0486,2025-07-09,C488,Male,22.0,Beauty,Moisturizer,1,3343.75,3343.75,Credit Card,Mumbai
T0487,2025-07-20,C145,Female,18.0,Groceries,Coffee,2,1118.71,2237.42,Cash,Chennai
T0488,2025-08-18,C246,Female,33.0,Clothing,T-Shirt,2,2717.66,5435.32,Net Banking,Pune
T0489,2025-05-02,C208,Female,37.0,Groceries,Biscuits,1,1262.76,1262.76,Net Banking,Delhi
T0490,2025-08-17,C302,Female,35.0,Clothing,Jeans,1,3511.09,3511.09,Debit Card,Chennai
T0491,2025-08-02,C391,Female,40.0,Clothing,Jacket,1,1786.43,1786.43,UPI,Mumbai
T0492,2025-11-12,C176,Male,40.0,Home & Kitchen,Mixer,5,991.2,4956.0,UPI,Bengaluru
T0493,2025-01-30,C381,Female,18.0,Electronics,Headphones,1,36415.84,36415.84,Credit Card,Pune
T0494,2025-11-10,C194,Male,35.0,Electronics,Laptop,4,12374.64,49498.56,UPI,Hyderabad
T0495,2025-08-02,C273,Male,24.0,Home & Kitchen,Air Fryer,1,10080.71,10080.71,UPI,Delhi
T0496,2025-11-27,C372,Male,27.0,Clothing,Shoes,1,5598.04,5598.04,Debit Card,Bengaluru
T0497,2025-07-07,C433,Female,23.0,Home & Kitchen,Mixer,1,8584.19,8584.19,Credit Card,Bengaluru
T0498,2025-09-20,C291,Male,40.0,Home & Kitchen,Blender,3,3767.86,11303.58,Cash,Mumbai
T0499,2025-01-08,C425,Female,25.0,Groceries,Coffee,1,448.33,448.33,Cash,Mumbai
T0500,2025-09-27,C171,Male,24.0,Groceries,Biscuits,4,198.61,794.44,Cash,Mumbai
T0501,2025-04-16,C121,Female,28.0,Groceries,Rice,3,864.92,2594.76,Net Banking,Chennai
T0502,2025-06-13,C486,Female,47.0,Beauty,Face Wash,1,1219.06,1219.06,Credit Card,Pune
T0503,2025-08-09,C456,Female,45.0,Beauty,Shampoo,1,2637.72,2637.72,Cash,Mumbai
T0504,2025-03-11,C216,Male,21.0,Beauty,Face Wash,1,1762.96,1762.96,UPI,Mumbai
T0505,2025-06-14,C378,Female,26.0,Electronics,Smartwatch,1,46373.45,46373.45,Cash,Pune
T0506,2025-04-05,C235,Female,41.0,Beauty,Shampoo,1,1889.21,1889.21,Debit Card,Bengaluru
T0507,2025-07-06,C472,Female,52.0,Home & Kitchen,Mixer,5,9378.46,46892.3,Credit Card,Bengaluru
T0508,2025-10-29,C345,Male,31.0,Beauty,Moisturizer,2,3432.18,6864.36,Debit Card,Hyderabad
T0509,2025-07-28,C325,Male,32.0,Home & Kitchen,Blender,2,3565.5,7131.0,Cash,Hyderabad
T0510,2025-10-07,C360,Female,21.0,Beauty,Face Wash,3,1161.5,3484.5,Debit Card,Bengaluru
T0511,2025-02-11,C403,Male,36.0,Home & Kitchen,Air Fryer,1,8170.89,8170.89,Net Banking,Delhi
T0512,2025-12-02,C262,Female,29.0,Electronics,Smartwatch,3,13898.92,41696.76,Credit Card,Hyderabad
T0513,2025-08-14,C276,Female,25.0,Clothing,Shoes,1,948.79,948.79,Cash,Bengaluru
T0514,2025-06-08,C157,Female,18.0,Electronics,Headphones,2,17081.65,34163.3,Credit Card,Pune
T0515,2025-11-30,C457,Female,46.0,Beauty,Face Wash,2,463.7,927.4,Credit Card,Bengaluru
T0516,2025-01-22,C306,Male,49.0,Beauty,Shampoo,1,2915.93,2915.93,Net Banking,Mumbai
T0517,2025-12-31,C223,Female,41.0,Electronics,Smartwatch,5,23382.85,116914.25,Debit Card,Pune
T0518,2025-07-25,C298,Female,41.0,Beauty,Face Wash,2,2455.15,4910.3,UPI,Pune
T0519,2025-02-13,C198,Male,32.0,Groceries,Biscuits,4,734.15,2936.6,Net Banking,Chennai
T0520,2025-12-01,C143,Male,27.0,Beauty,Perfume,3,3163.32,9489.96,Net Banking,Chennai
T0521,2025-07-20,C385,Female,41.0,Electronics,Smartwatch,5,37418.74,187093.7,UPI,Delhi
T0522,2025-03-13,C347,Male,31.0,Clothing,T-Shirt,5,1741.5,8707.5,Cash,Mumbai
T0523,2025-04-09,C120,Female,29.0,Home & Kitchen,Blender,2,10571.89,21143.78,Debit Card,Hyderabad
T0524,2025-12-06,C426,Female,32.0,Clothing,T-Shirt,1,2714.87,2714.87,Net Banking,Chennai
T0525,2025-10-03,C173,Male,38.0,Electronics,Headphones,1,37777.43,37777.43,Cash,Chennai
T0526,2025-07-07,C186,Female,42.0,Home & Kitchen,Cookware,1,9517.93,9517.93,Cash,Pune
T0527,2025-04-25,C126,Male,22.0,Groceries,Coffee,2,823.46,1646.92,Debit Card,Pune
T0528,2025-02-08,C368,Male,22.0,Beauty,Face Wash,1,416.7,416.7,Debit Card,Bengaluru
T0529,2025-08-18,C469,Female,30.0,Clothing,Jacket,1,2695.42,2695.42,Cash,Hyderabad
T0530,2025-09-20,C367,Male,37.0,Home & Kitchen,Air Fryer,2,2233.28,4466.56,Net Banking,Mumbai
T0531,2025-02-15,C409,Female,35.0,Electronics,Smartwatch,2,55389.64,110779.28,UPI,Pune
T0532,2025-04-28,C360,Male,47.0,Electronics,Smartphone,3,25230.32,75690.96,UPI,Delhi
T0533,2025-08-23,C467,Male,38.0,Clothing,Jacket,3,2248.9,6746.7,Credit Card,Hyderabad
T0534,2025-02-04,C386,Female,18.0,Groceries,Biscuits,1,315.79,315.79,UPI,Chennai
T0535,2025-02-16,C281,Female,28.0,Beauty,Face Wash,5,200.71,1003.55,Cash,Bengaluru
T0536,2025-06-18,C430,Female,40.0,Electronics,Laptop,3,15038.48,45115.44,UPI,Pune
T0537,2025-01-04,C232,Male,25.0,Clothing,Jeans,1,4215.92,4215.92,Credit Card,Mumbai
T0538,2025-10-18,C108,Male,37.0,Electronics,Headphones,2,53339.48,106678.96,Debit Card,Mumbai
T0539,2025-01-16,C455,Male,31.0,Clothing,Shoes,4,2679.72,10718.88,Debit Card,Chennai
T0540,2025-02-08,C232,Female,22.0,Beauty,Face Wash,1,3770.36,3770.36,Debit Card,Bengaluru
T0541,2025-09-14,C483,Female,34.0,Beauty,Moisturizer,1,3775.34,3775.34,Credit Card,Bengaluru
T0542,2025-03-27,C119,Male,35.0,Groceries,Coffee,3,137.21,411.63,Credit Card,Delhi
T0543,2025-06-04,C493,Female,27.0,Groceries,Coffee,3,1429.76,4289.28,Net Banking,Mumbai
T0544,2025-09-15,C280,Male,50.0,Groceries,Rice,2,579.19,1158.38,Net Banking,Mumbai
T0545,2025-12-30,C195,Female,28.0,Clothing,Jacket,3,5480.46,16441.38,Debit Card,Mumbai
T0546,2025-01-22,C272,Male,18.0,Home & Kitchen,Cookware,1,6390.08,6390.08,Credit Card,Hyderabad
T0547,2025-08-08,C279,Male,35.0,Electronics,Smartphone,2,39464.65,78929.3,UPI,Hyderabad
T0548,2025-07-16,C142,Male,29.0,Clothing,T-Shirt,3,5036.7,15110.1,Debit Card,Bengaluru
T0549,2025-09-23,C448,Male,44.0,Home & Kitchen,Blender,1,2315.46,2315.46,Debit Card,Delhi
T0550,2025-03-08,C492,Female,18.0,Beauty,Perfume,4,3819.18,15276.72,Credit Card,Mumbai
T0551,2025-11-29,C427,Male,46.0,Beauty,Perfume,4,2319.92,9279.68,Credit Card,Hyderabad
T0552,2025-07-27,C210,Female,48.0,Electronics,Smartphone,2,25180.36,50360.72,UPI,Hyderabad
T0553,2025-05-14,C125,Female,37.0,Clothing,Shoes,1,825.08,825.08,Net Banking,Chennai
T0554,2025-04-02,C279,Female,41.0,Beauty,Shampoo,3,845.52,2536.56,Debit Card,Hyderabad
T0555,2025-01-06,C380,Female,19.0,Beauty,Moisturizer,1,3835.54,3835.54,Net Banking,Pune
T0556,2025-12-04,C166,Female,24.0,Groceries,Rice,1,956.89,956.89,Net Banking,Bengaluru
T0557,2025-11-05,C126,Female,50.0,Beauty,Perfume,2,3406.27,6812.54,Net Banking,Mumbai
T0558,2025-05-31,C375,Female,20.0,Electronics,Smartphone,2,58867.47,117734.94,Cash,Mumbai
T0559,2025-06-26,C137,Female,42.0,Beauty,Moisturizer,3,3492.41,10477.23,Debit Card,Bengaluru
T0560,2025-12-09,C410,Female,32.0,Home & Kitchen,Air Fryer,2,5250.96,10501.92,Cash,Chennai
T0561,2025-12-18,C258,Male,24.0,Beauty,Face Wash,3,2038.45,6115.35,Debit Card,Bengaluru
T0562,2025-10-28,C188,Male,18.0,Electronics,Smartphone,2,36780.53,73561.06,Debit Card,Bengaluru
T0563,2025-10-14,C121,Female,18.0,Clothing,Shoes,3,3620.65,10861.95,Net Banking,Pune
T0564,2025-04-02,C128,Male,34.0,Electronics,Headphones,1,55421.9,55421.9,Credit Card,Hyderabad
T0565,2025-03-16,C242,Female,38.0,Clothing,Jeans,1,1002.2,1002.2,Debit Card,Pune
T0566,2025-08-29,C472,Male,28.0,Home & Kitchen,Mixer,1,7770.21,7770.21,Net Banking,Chennai
T0567,2025-08-14,C321,Male,29.0,Electronics,Smartwatch,1,38580.87,38580.87,Debit Card,Hyderabad
T0568,2025-12-02,C336,Female,18.0,Home & Kitchen,Mixer,2,2742.87,5485.74,,Bengaluru
T0569,2025-02-08,C387,Female,46.0,Electronics,Smartphone,1,51240.12,51240.12,Credit Card,Delhi
T0570,2025-11-25,C115,Female,46.0,Electronics,Smartwatch,2,8759.67,17519.34,UPI,Pune
T0571,2025-01-13,C360,Female,53.0,Electronics,Laptop,3,43311.46,129934.38,Net Banking,Bengaluru
T0572,2025-07-10,C466,Female,18.0,Groceries,Biscuits,1,986.65,986.65,UPI,Delhi
T0573,2025-09-25,C137,Female,25.0,Groceries,Biscuits,4,790.08,3160.32,Cash,Hyderabad
T0574,2025-10-06,C203,Female,26.0,Beauty,Perfume,1,1760.59,1760.59,Net Banking,Pune
T0575,2025-06-02,C113,Female,25.0,Clothing,Jacket,1,1503.52,1503.52,Cash,Bengaluru
T0576,2025-12-06,C292,Male,20.0,Home & Kitchen,Cookware,1,3034.37,3034.37,Debit Card,Delhi
T0577,2025-11-20,C115,Male,21.0,Home & Kitchen,Air Fryer,3,10974.56,32923.68,Cash,Chennai
T0578,2025-11-01,C244,Male,23.0,Electronics,Headphones,5,27587.17,137935.85,Debit Card,Bengaluru
T0579,2025-06-04,C110,Female,32.0,Beauty,Moisturizer,1,3463.05,3463.05,Cash,Hyderabad
T0580,2025-12-03,C274,Female,32.0,Clothing,Jacket,4,2304.88,9219.52,Debit Card,Bengaluru
T0581,2025-03-31,C276,Male,39.0,Home & Kitchen,Cookware,4,2251.49,9005.96,Debit Card,Chennai
T0582,2025-04-19,C485,Male,23.0,Beauty,Moisturizer,1,3462.32,3462.32,Cash,Chennai
T0583,2025-02-10,C223,Male,27.0,Home & Kitchen,Blender,4,5032.39,20129.56,Credit Card,Pune
T0584,2025-07-06,C483,Male,48.0,Electronics,Laptop,2,38047.05,76094.1,Debit Card,Pune
T0585,2025-11-13,C195,Male,28.0,Home & Kitchen,Air Fryer,2,8673.68,17347.36,Cash,Mumbai
T0586,2025-03-20,C170,Male,36.0,Clothing,Jeans,1,2293.59,2293.59,Credit Card,Mumbai
T0587,2025-09-13,C322,Female,28.0,Home & Kitchen,Cookware,3,5142.28,15426.84,UPI,Pune
T0588,2025-12-15,C198,Female,33.0,Electronics,Laptop,2,26574.0,53148.0,Net Banking,Pune
T0589,2025-03-30,C156,Female,28.0,Electronics,Laptop,2,31465.86,62931.72,Net Banking,Mumbai
T0590,2025-09-29,C406,Female,23.0,Groceries,Rice,3,357.91,1073.73,UPI,Chennai
T0591,2025-03-22,C425,Male,38.0,Electronics,Smartwatch,2,24684.44,49368.88,Cash,Chennai
T0592,2025-07-04,C422,Male,21.0,Electronics,Smartphone,1,29772.15,29772.15,Debit Card,Mumbai
T0593,2025-04-07,C101,Female,38.0,Clothing,Jacket,4,4475.32,17901.28,Cash,Mumbai
T0594,2025-06-10,C384,Female,39.0,Groceries,Coffee,1,1136.52,1136.52,UPI,Mumbai
T0595,2025-04-23,C113,Female,27.0,Beauty,Shampoo,3,1243.13,3729.39,Credit Card,Delhi
T0596,2025-03-20,C246,Male,26.0,Groceries,Rice,2,1039.33,2078.66,Debit Card,Delhi
T0597,2025-10-23,C170,Female,32.0,Clothing,Jeans,2,5927.93,11855.86,Credit Card,Hyderabad
T0598,2025-10-12,C434,Male,29.0,Beauty,Shampoo,2,3479.11,6958.22,Debit Card,Mumbai
T0599,2025-07-04,C416,Male,31.0,Clothing,Jacket,1,2854.85,2854.85,Net Banking,Delhi
T0600,2025-02-11,C198,Male,18.0,Home & Kitchen,Air Fryer,3,9032.73,27098.19,Credit Card,Bengaluru
T0601,2025-02-25,C475,Male,20.0,Electronics,Laptop,3,14369.89,43109.67,,Mumbai
T0602,2025-12-07,C298,Male,25.0,Clothing,Jacket,3,735.07,2205.21,UPI,Chennai
T0603,2025-01-26,C436,Female,23.0,Electronics,Headphones,2,33108.27,66216.54,UPI,Mumbai
T0604,2025-01-23,C491,Female,34.0,Clothing,Shoes,4,5007.94,20031.76,Net Banking,Mumbai
T0605,2025-03-22,C240,Female,51.0,Clothing,Jeans,3,1568.5,4705.5,UPI,Mumbai
T0606,2025-07-30,C490,Male,18.0,Electronics,Laptop,1,28877.88,28877.88,UPI,Bengaluru
T0607,2025-03-10,C417,Female,39.0,Groceries,Biscuits,4,244.47,977.88,Credit Card,Hyderabad
T0608,2025-02-03,C197,Male,40.0,Groceries,Coffee,3,972.56,2917.68,UPI,Chennai
T0609,2025-06-29,C324,Female,34.0,Clothing,Shoes,3,3590.25,10770.75,Credit Card,Bengaluru
T0610,2025-07-28,C197,Female,32.0,Clothing,Jeans,3,2601.68,7805.04,Debit Card,Bengaluru
T0611,2025-10-11,C309,Female,31.0,Home & Kitchen,Air Fryer,2,9280.21,18560.42,Debit Card,Bengaluru
T0612,2025-01-13,C371,Male,36.0,Clothing,Jeans,2,3345.11,6690.22,Cash,Delhi
T0613,2025-02-10,C444,Female,34.0,Clothing,T-Shirt,2,978.89,1957.78,UPI,Hyderabad
T0614,2025-11-14,C237,Female,37.0,Groceries,Rice,1,767.08,767.08,UPI,Hyderabad
T0615,2025-12-31,C374,Female,33.0,Groceries,Coffee,4,866.67,3466.68,Cash,Pune
T0616,2025-06-06,C323,Female,46.0,Groceries,Coffee,1,1344.14,1344.14,Credit Card,Chennai
T0617,2025-09-28,C347,Male,39.0,Beauty,Moisturizer,1,1176.84,1176.84,Credit Card,Mumbai
T0618,2025-12-04,C281,Male,32.0,Clothing,T-Shirt,3,1939.63,5818.89,Credit Card,Hyderabad
T0619,2025-12-29,C149,Male,45.0,Clothing,Jacket,3,2380.17,7140.51,Credit Card,Chennai
T0620,2025-10-29,C456,Female,33.0,Beauty,Moisturizer,5,2568.2,12841.0,Net Banking,Delhi
T0621,2025-05-28,C436,Male,43.0,Electronics,Smartphone,2,40198.62,80397.24,UPI,Delhi
T0622,2025-01-26,C221,Male,18.0,Home & Kitchen,Cookware,1,3998.6,3998.6,Cash,Chennai
T0623,2025-09-26,C178,Female,21.0,Beauty,Moisturizer,4,2195.19,8780.76,Credit Card,Mumbai
T0624,2025-03-07,C334,Male,18.0,Clothing,T-Shirt,1,505.19,505.19,Net Banking,Hyderabad
T0625,2025-11-18,C200,Female,34.0,Beauty,Shampoo,2,2978.75,5957.5,Debit Card,Bengaluru
T0626,2025-12-22,C378,Female,22.0,Beauty,Face Wash,2,2089.56,4179.12,Cash,Mumbai
T0627,2025-09-19,C184,Male,18.0,Home & Kitchen,Cookware,2,10356.39,20712.78,Net Banking,Chennai
T0628,2025-05-23,C292,Male,45.0,Groceries,Cooking Oil,2,1046.15,2092.3,Credit Card,Pune
T0629,2025-11-24,C206,Female,31.0,Groceries,Rice,3,1267.87,3803.61,Net Banking,Chennai
T0630,2025-02-03,C269,Female,18.0,Clothing,Shoes,1,1009.93,1009.93,Credit Card,Hyderabad
T0631,2025-12-20,C206,Male,33.0,Electronics,Headphones,2,39230.33,78460.66,UPI,Mumbai
T0632,2025-11-26,C454,Female,18.0,Clothing,T-Shirt,1,1167.78,1167.78,Net Banking,Chennai
T0633,2025-07-31,C212,Female,18.0,Home & Kitchen,Blender,1,8926.54,8926.54,Cash,Pune
T0634,2025-08-30,C442,Male,23.0,Clothing,Shoes,2,5208.01,10416.02,Cash,Bengaluru
T0635,2025-07-08,C144,Female,18.0,Beauty,Moisturizer,3,3378.38,10135.14,Cash,Bengaluru
T0636,2025-02-20,C366,Female,21.0,Clothing,Jeans,2,4573.65,9147.3,Net Banking,Delhi
T0637,2025-11-09,C344,Female,29.0,Groceries,Rice,2,186.35,372.7,Cash,Bengaluru
T0638,2025-02-01,C334,Female,18.0,Home & Kitchen,Cookware,2,9386.84,18773.68,UPI,Chennai
T0639,2025-08-14,C184,Male,41.0,Clothing,T-Shirt,1,2819.42,2819.42,Debit Card,Bengaluru
T0640,2025-03-13,C481,Female,27.0,Groceries,Coffee,3,577.28,1731.84,Cash,Pune
T0641,2025-08-17,C450,Male,45.0,Clothing,Jacket,1,3969.24,3969.24,Credit Card,Chennai
T0642,2025-01-18,C157,Female,38.0,Electronics,Smartwatch,4,10923.66,43694.64,Net Banking,Bengaluru
T0643,2025-03-17,C486,Male,39.0,Groceries,Biscuits,2,810.93,1621.86,Cash,Mumbai
T0644,2025-05-07,C491,Female,25.0,Clothing,T-Shirt,4,4322.05,17288.2,Credit Card,Mumbai
T0645,2025-11-29,C269,Male,39.0,Beauty,Face Wash,2,3617.15,7234.3,Credit Card,Bengaluru
T0646,2025-08-16,C441,Female,27.0,Beauty,Moisturizer,1,2576.82,2576.82,UPI,Mumbai
T0647,2025-08-25,C319,Male,25.0,Home & Kitchen,Air Fryer,1,5994.69,5994.69,Net Banking,Chennai
T0648,2025-11-05,C462,Male,31.0,Groceries,Biscuits,2,882.89,1765.78,Cash,Mumbai
T0649,2025-04-09,C297,Female,18.0,Clothing,T-Shirt,2,3916.52,7833.04,Credit Card,Pune
T0650,2025-02-11,C424,Male,31.0,Clothing,T-Shirt,3,2498.72,7496.16,UPI,Hyderabad
T0651,2025-01-10,C496,Female,22.0,Groceries,Cooking Oil,2,424.01,848.02,Cash,Bengaluru
T0652,2025-04-11,C109,Male,19.0,Beauty,Face Wash,2,1108.26,2216.52,Net Banking,Bengaluru
T0653,2025-12-15,C355,Male,50.0,Home & Kitchen,Blender,1,7401.53,7401.53,Credit Card,Mumbai
T0654,2025-08-22,C101,Male,35.0,Clothing,Shoes,1,2149.61,2149.61,Credit Card,Hyderabad
T0655,2025-10-21,C250,Female,32.0,Home & Kitchen,Blender,3,888.26,2664.78,UPI,Chennai
T0656,2025-08-20,C347,Female,40.0,Electronics,Smartwatch,2,8382.36,16764.72,Debit Card,Chennai
T0657,2025-01-27,C295,Female,32.0,Clothing,Jacket,2,4887.93,9775.86,UPI,Delhi
T0658,2025-03-17,C411,Male,34.0,Clothing,T-Shirt,5,2847.72,14238.6,Cash,Mumbai
T0659,2025-02-06,C433,Male,24.0,Clothing,Jacket,2,3265.13,6530.26,Net Banking,Bengaluru
T0660,2025-10-27,C107,Male,39.0,Beauty,Moisturizer,3,3898.39,11695.17,Cash,Pune
T0661,2025-08-19,C478,Female,28.0,Beauty,Perfume,5,2043.88,10219.4,Credit Card,Delhi
T0662,2025-07-12,C192,Male,34.0,Home & Kitchen,Air Fryer,3,6593.53,19780.59,Net Banking,Delhi
T0663,2025-03-04,C247,Female,29.0,Groceries,Rice,2,688.26,1376.52,Credit Card,Hyderabad
T0664,2025-02-12,C392,Female,18.0,Groceries,Coffee,2,887.17,1774.34,Cash,Bengaluru
T0665,2025-08-26,C472,Female,29.0,Electronics,Smartphone,5,10976.31,54881.55,UPI,Mumbai
T0666,2025-02-26,C193,Male,44.0,Groceries,Cooking Oil,2,540.55,1081.1,UPI,Hyderabad
T0667,2025-08-25,C155,Female,26.0,Groceries,Biscuits,2,1116.6,2233.2,Cash,Mumbai
T0668,2025-07-17,C471,Male,41.0,Groceries,Coffee,1,1452.51,1452.51,Net Banking,Hyderabad
T0669,2025-02-11,C142,Male,35.0,Electronics,Smartphone,3,37649.44,112948.32,Cash,Hyderabad
T0670,2025-04-10,C119,Male,31.0,Electronics,Headphones,1,31397.07,31397.07,Net Banking,Bengaluru
T0671,2025-07-16,C258,Female,49.0,Groceries,Coffee,2,320.21,640.42,Cash,Pune
T0672,2025-05-26,C157,Male,52.0,Electronics,Smartwatch,2,44138.45,88276.9,Cash,Bengaluru
T0673,2025-09-09,C365,Male,23.0,Electronics,Laptop,2,26041.87,52083.74,Cash,Mumbai
T0674,2025-03-17,C248,Male,35.0,Groceries,Biscuits,2,565.74,1131.48,Net Banking,Hyderabad
T0675,2025-12-08,C246,Female,24.0,Groceries,Rice,1,338.53,338.53,Debit Card,Mumbai
T0676,2025-03-13,C410,Male,25.0,Clothing,Jacket,1,3630.64,3630.64,Credit Card,Mumbai
T0677,2025-09-12,C279,Male,18.0,Clothing,Shoes,4,1841.97,7367.88,Credit Card,Pune
T0678,2025-07-23,C294,Male,20.0,Beauty,Shampoo,4,3873.16,15492.64,Cash,Pune
T0679,2025-05-13,C208,Female,18.0,Beauty,Perfume,1,2065.88,2065.88,Credit Card,Delhi
T0680,2025-04-18,C222,Male,18.0,Beauty,Moisturizer,2,3161.59,6323.18,Cash,Delhi
T0681,2025-02-14,C414,Male,26.0,Electronics,Headphones,2,8403.87,16807.74,Credit Card,Mumbai
T0682,2025-08-02,C442,Female,40.0,Clothing,T-Shirt,2,1696.73,3393.46,Debit Card,Chennai
T0683,2025-05-18,C331,Female,18.0,Groceries,Cooking Oil,1,1326.32,1326.32,UPI,Mumbai
T0684,2025-07-24,C311,Male,29.0,Home & Kitchen,Mixer,3,783.53,2350.59,Cash,Chennai
T0685,2025-02-25,C208,Male,18.0,Home & Kitchen,Blender,3,4752.87,14258.61,Net Banking,Mumbai
T0686,2025-08-29,C455,Male,24.0,Groceries,Biscuits,2,339.67,679.34,UPI,Bengaluru
T0687,2025-04-17,C423,Male,18.0,Electronics,Smartphone,3,47844.76,143534.28,Cash,Bengaluru
T0688,2025-01-13,C397,Male,20.0,Beauty,Moisturizer,4,3436.8,13747.2,Net Banking,Pune
T0689,2025-01-05,C318,Male,34.0,Beauty,Face Wash,1,2002.85,2002.85,Net Banking,Bengaluru
T0690,2025-03-16,C337,Male,45.0,Clothing,Shoes,2,781.41,1562.82,Net Banking,Bengaluru
T0691,2025-07-18,C139,Male,18.0,Electronics,Headphones,1,32127.24,32127.24,Net Banking,Chennai
T0692,2025-05-10,C314,Female,30.0,Groceries,Biscuits,1,1181.75,1181.75,UPI,Mumbai
T0693,2025-05-13,C374,Female,45.0,Electronics,Smartphone,1,49952.23,49952.23,Net Banking,Pune
T0694,2025-05-03,C276,Female,29.0,Home & Kitchen,Blender,1,3695.78,3695.78,Credit Card,Hyderabad
T0695,2025-04-02,C281,Male,30.0,Home & Kitchen,Cookware,2,1905.84,3811.68,Net Banking,Mumbai
T0696,2025-05-08,C107,Female,40.0,Groceries,Biscuits,1,962.56,962.56,Net Banking,Chennai
T0697,2025-07-01,C225,Female,34.0,Groceries,Biscuits,2,1403.93,2807.86,Debit Card,Mumbai
T0698,2025-04-07,C458,Female,18.0,Home & Kitchen,Air Fryer,1,11216.6,11216.6,Debit Card,Chennai
T0699,2025-04-21,C438,Male,18.0,Electronics,Smartphone,1,12772.44,12772.44,UPI,Chennai
T0700,2025-02-12,C184,Male,19.0,Home & Kitchen,Blender,1,9377.0,9377.0,Debit Card,Bengaluru
T0701,2025-07-07,C330,Male,26.0,Clothing,Jeans,1,2847.92,2847.92,Credit Card,Bengaluru
T0702,2025-11-22,C277,Male,48.0,Beauty,Moisturizer,2,451.01,902.02,Credit Card,Pune
T0703,2025-09-18,C354,Male,38.0,Clothing,T-Shirt,1,814.02,814.02,Debit Card,Hyderabad
T0704,2025-07-27,C411,Male,40.0,Groceries,Biscuits,4,1344.98,5379.92,Net Banking,Bengaluru
T0705,2025-09-21,C197,Male,57.0,Home & Kitchen,Cookware,1,11295.57,11295.57,Net Banking,Chennai
T0706,2025-10-29,C131,Female,30.0,Groceries,Cooking Oil,3,809.91,2429.73,UPI,Pune
T0707,2025-12-31,C474,Male,41.0,Electronics,Headphones,3,53220.06,159660.18,UPI,Pune
T0708,2025-08-13,C173,Male,38.0,Beauty,Moisturizer,2,3314.08,6628.16,Debit Card,Pune
T0709,2025-02-11,C235,Female,37.0,Clothing,T-Shirt,2,4579.26,9158.52,Cash,Hyderabad
T0710,2025-05-09,C187,Female,43.0,Home & Kitchen,Cookware,1,8341.01,8341.01,Credit Card,Mumbai
T0711,2025-11-10,C182,Male,39.0,Electronics,Laptop,1,48398.47,48398.47,Credit Card,Mumbai
T0712,2025-03-06,C309,Male,18.0,Groceries,Cooking Oil,4,486.31,1945.24,UPI,Pune
T0713,2025-10-28,C433,Male,18.0,Beauty,Face Wash,3,868.38,2605.14,Credit Card,Chennai
T0714,2025-08-31,C307,Female,32.0,Beauty,Moisturizer,4,757.14,3028.56,UPI,Bengaluru
T0715,2025-03-16,C203,Male,21.0,Home & Kitchen,Mixer,2,5281.83,10563.66,Credit Card,Bengaluru
T0716,2025-01-26,C261,Male,40.0,Home & Kitchen,Blender,4,3702.25,14809.0,Credit Card,Hyderabad
T0717,2025-02-25,C135,Female,36.0,Beauty,Moisturizer,3,1346.03,4038.09,Cash,Hyderabad
T0718,2025-05-08,C407,Female,29.0,Electronics,Smartwatch,2,49370.08,98740.16,Debit Card,Pune
T0719,2025-10-27,C203,Male,43.0,Beauty,Face Wash,2,2773.07,5546.14,Net Banking,Delhi
T0720,2025-08-31,C173,Male,18.0,Clothing,T-Shirt,2,3307.86,6615.72,UPI,Pune
T0721,2025-01-02,C343,Male,29.0,Clothing,Shoes,3,1744.53,5233.59,Debit Card,Chennai
T0722,2025-09-27,C347,Female,27.0,Groceries,Coffee,2,975.5,1951.0,Debit Card,Pune
T0723,2025-04-10,C246,Male,31.0,Electronics,Laptop,3,21147.54,63442.62,UPI,Pune
T0724,2025-04-30,C270,Male,28.0,Groceries,Coffee,3,445.16,1335.48,Net Banking,Mumbai
T0725,2025-04-24,C162,Female,32.0,Clothing,Jeans,1,4087.55,4087.55,Net Banking,Bengaluru
T0726,2025-11-09,C296,Male,26.0,Clothing,Jeans,1,5008.22,5008.22,UPI,Mumbai
T0727,2025-02-14,C237,Female,30.0,Beauty,Face Wash,2,3956.26,7912.52,UPI,Delhi
T0728,2025-07-04,C353,Female,28.0,Home & Kitchen,Cookware,1,9533.54,9533.54,UPI,Bengaluru
T0729,2025-06-12,C411,Male,34.0,Clothing,Jeans,3,5483.56,16450.68,UPI,Bengaluru
T0730,2025-02-16,C230,Female,18.0,Groceries,Coffee,1,250.94,250.94,Credit Card,Pune
T0731,2025-06-11,C386,Male,31.0,Groceries,Coffee,5,592.34,2961.7,Debit Card,Pune
T0732,2025-07-17,C399,Female,23.0,Home & Kitchen,Cookware,2,10405.94,20811.88,Credit Card,Hyderabad
T0733,2025-03-26,C200,Female,47.0,Clothing,Shoes,2,2795.61,5591.22,Cash,Delhi
T0734,2025-09-12,C481,Female,18.0,Beauty,Shampoo,1,1908.77,1908.77,Credit Card,Hyderabad
T0735,2025-02-09,C126,Male,44.0,Electronics,Headphones,1,8448.19,8448.19,Debit Card,Bengaluru
T0736,2025-08-17,C197,Male,24.0,Clothing,T-Shirt,2,4449.37,8898.74,Credit Card,Mumbai
T0737,2025-09-26,C261,Male,40.0,Groceries,Coffee,2,446.79,893.58,UPI,Chennai
T0738,2025-07-24,C139,Male,34.0,Clothing,Jeans,1,5514.5,5514.5,Credit Card,Hyderabad
T0739,2025-05-26,C172,Female,37.0,Electronics,Laptop,4,8038.88,32155.52,Credit Card,Hyderabad
T0740,2025-09-19,C126,Male,25.0,Groceries,Coffee,4,556.28,2225.12,Cash,Chennai
T0741,2025-07-02,C351,Male,18.0,Home & Kitchen,Blender,4,5883.37,23533.48,Cash,Bengaluru
T0742,2025-10-18,C330,Male,28.0,Electronics,Smartphone,5,56495.31,282476.55,Credit Card,Chennai
T0743,2025-05-09,C191,Female,34.0,Electronics,Headphones,1,45313.19,45313.19,Net Banking,Bengaluru
T0744,2025-07-27,C124,Male,19.0,Beauty,Face Wash,2,293.75,587.5,Cash,Chennai
T0745,2025-10-26,C308,Female,33.0,Clothing,Jeans,1,1637.39,1637.39,UPI,Chennai
T0746,2025-08-20,C382,Male,40.0,Clothing,Shoes,1,4241.38,4241.38,Debit Card,Bengaluru
T0747,2025-03-28,C249,Male,31.0,Electronics,Smartwatch,1,27173.71,27173.71,UPI,Pune
T0748,2025-02-13,C456,Female,25.0,Home & Kitchen,Cookware,1,6578.62,6578.62,Net Banking,Hyderabad
T0749,2025-10-29,C314,Male,18.0,Home & Kitchen,Air Fryer,3,3153.27,9459.81,Net Banking,Hyderabad
T0750,2025-08-04,C261,Male,23.0,Groceries,Biscuits,1,885.77,885.77,Net Banking,Chennai
T0751,2025-01-21,C158,Male,30.0,Beauty,Moisturizer,5,2730.6,13653.0,Cash,Pune
T0752,2025-05-28,C125,Female,27.0,Groceries,Rice,3,1241.77,3725.31,UPI,Bengaluru
T0753,2025-02-17,C413,Male,31.0,Electronics,Smartphone,4,19077.84,76311.36,Debit Card,Mumbai
T0754,2025-06-24,C487,Female,43.0,Groceries,Coffee,2,439.54,879.08,Net Banking,Mumbai
T0755,2025-01-16,C472,Female,36.0,Groceries,Cooking Oil,2,1030.36,2060.72,Net Banking,Pune
T0756,2025-09-11,C316,Female,34.0,Clothing,Jacket,5,5546.5,27732.5,Cash,Hyderabad
T0757,2025-10-19,C419,Male,32.0,Clothing,Jacket,2,4839.03,9678.06,UPI,Bengaluru
T0758,2025-03-01,C411,Female,21.0,Clothing,T-Shirt,2,2798.36,5596.72,Debit Card,Bengaluru
T0759,2025-10-06,C157,Male,25.0,Clothing,T-Shirt,2,4980.44,9960.88,UPI,Bengaluru
T0760,2025-03-18,C251,Female,32.0,Groceries,Cooking Oil,2,1211.54,2423.08,UPI,Bengaluru
T0761,2025-04-30,C201,Female,31.0,Electronics,Smartphone,4,55234.05,220936.2,Cash,Hyderabad
T0762,2025-12-13,C500,Female,32.0,Beauty,Shampoo,1,3807.27,3807.27,Net Banking,Pune
T0763,2025-10-18,C341,Male,37.0,Electronics,Smartwatch,1,12264.56,12264.56,Credit Card,Chennai
T0764,2025-10-10,C253,Female,33.0,Beauty,Moisturizer,1,1125.17,1125.17,UPI,Mumbai
T0765,2025-04-11,C298,Male,29.0,Groceries,Rice,1,1106.33,1106.33,Credit Card,Pune
T0766,2025-10-29,C355,Female,18.0,Clothing,T-Shirt,1,5309.19,5309.19,Debit Card,Pune
T0767,2025-04-19,C291,Female,29.0,Clothing,Shoes,1,1577.89,1577.89,Debit Card,Hyderabad
T0768,2025-02-06,C382,Male,18.0,Home & Kitchen,Air Fryer,1,2137.64,2137.64,Cash,Chennai
T0769,2025-09-24,C387,Male,26.0,Beauty,Shampoo,1,214.89,214.89,Cash,Delhi
T0770,2025-06-14,C129,Female,31.0,Home & Kitchen,Air Fryer,2,8236.71,16473.42,Debit Card,Bengaluru
T0771,2025-02-28,C190,Male,45.0,Beauty,Shampoo,3,625.64,1876.92,Debit Card,Mumbai
T0772,2025-10-01,C150,Female,43.0,Clothing,Jacket,3,1149.03,3447.09,Credit Card,Chennai
T0773,2025-03-16,C395,Male,35.0,Electronics,Headphones,1,45688.92,45688.92,Net Banking,Bengaluru
T0774,2025-07-07,C472,Female,20.0,Home & Kitchen,Blender,1,10147.69,10147.69,Credit Card,Pune
T0775,2025-05-29,C246,Male,29.0,Groceries,Cooking Oil,1,884.46,884.46,Debit Card,Hyderabad
T0776,2025-07-25,C167,Female,22.0,Electronics,Headphones,1,54049.09,54049.09,Cash,Mumbai
T0777,2025-06-05,C242,Female,38.0,Groceries,Coffee,1,245.19,245.19,UPI,Delhi
T0778,2025-08-17,C476,Female,18.0,Home & Kitchen,Air Fryer,1,2345.6,2345.6,Credit Card,Chennai
T0779,2025-06-11,C495,Female,25.0,Electronics,Laptop,1,44570.56,44570.56,Credit Card,Chennai
T0780,2025-07-25,C320,Female,34.0,Beauty,Face Wash,4,2038.03,8152.12,Credit Card,Delhi
T0781,2025-10-13,C428,Male,18.0,Groceries,Rice,3,1220.5,3661.5,Credit Card,Hyderabad
T0782,2025-07-09,C459,Female,18.0,Groceries,Coffee,2,657.11,1314.22,Net Banking,Bengaluru
T0783,2025-11-19,C464,Male,24.0,Beauty,Shampoo,2,3663.1,7326.2,Credit Card,Bengaluru
T0784,2025-11-19,C363,Male,43.0,Beauty,Perfume,2,2672.75,5345.5,Net Banking,Delhi
T0785,2025-06-22,C334,Male,30.0,Clothing,Jeans,2,1430.62,2861.24,Cash,Delhi
T0786,2025-12-02,C127,Female,47.0,Beauty,Face Wash,2,861.11,1722.22,Credit Card,Mumbai
T0787,2025-12-05,C386,Female,45.0,Home & Kitchen,Blender,4,3134.73,12538.92,Debit Card,Pune
T0788,2025-11-06,C362,Male,41.0,Electronics,Laptop,4,34045.58,136182.32,Debit Card,Mumbai
T0789,2025-08-14,C336,Male,35.0,Groceries,Biscuits,1,860.16,860.16,Net Banking,Delhi
T0790,2025-04-14,C337,Male,27.0,Beauty,Face Wash,4,940.78,3763.12,Debit Card,Hyderabad
T0791,2025-02-26,C398,Female,33.0,Home & Kitchen,Air Fryer,4,5582.91,22331.64,UPI,Chennai
T0792,2025-08-30,C381,Male,18.0,Clothing,Jacket,3,5959.44,17878.32,Cash,Delhi
T0793,2025-08-07,C448,Female,30.0,Clothing,Jeans,1,3610.82,3610.82,Credit Card,Mumbai
T0794,2025-08-09,C109,Male,28.0,Electronics,Smartphone,2,42877.82,85755.64,Cash,Hyderabad
T0795,2025-05-01,C241,Male,48.0,Groceries,Rice,1,957.71,957.71,Cash,Hyderabad
T0796,2025-01-12,C494,Male,39.0,Clothing,T-Shirt,5,2747.85,13739.25,UPI,Hyderabad
T0797,2025-11-08,C460,Male,18.0,Electronics,Headphones,2,12908.67,25817.34,Cash,Pune
T0798,2025-12-24,C335,Male,22.0,Beauty,Moisturizer,1,2753.68,2753.68,Cash,Mumbai
T0799,2025-01-07,C228,Male,19.0,Groceries,Biscuits,5,328.97,1644.85,Credit Card,Delhi
T0800,2025-11-29,C475,Female,39.0,Clothing,Shoes,5,5557.99,27789.95,UPI,Mumbai
T0801,2025-08-11,C332,Male,18.0,Electronics,Laptop,2,26552.07,53104.14,UPI,Mumbai
T0802,2025-08-12,C468,Female,18.0,Clothing,Shoes,2,1559.8,3119.6,Debit Card,Hyderabad
T0803,2025-05-21,C256,Male,37.0,Groceries,Biscuits,5,1343.57,6717.85,UPI,Chennai
T0804,2025-03-08,C162,Male,35.0,Home & Kitchen,Blender,2,7802.09,15604.18,Net Banking,Bengaluru
T0805,2025-06-04,C340,Female,38.0,Electronics,Smartwatch,5,22450.34,112251.7,Cash,Bengaluru
T0806,2025-04-24,C120,Female,40.0,Groceries,Rice,2,1210.73,2421.46,UPI,Chennai
T0807,2025-06-25,C496,Female,39.0,Groceries,Rice,2,362.8,725.6,UPI,Bengaluru
T0808,2025-08-18,C282,Male,26.0,Clothing,Shoes,2,820.31,1640.62,Net Banking,Bengaluru
T0809,2025-05-01,C432,Male,18.0,Electronics,Smartwatch,3,21111.49,63334.47,Cash,Delhi
T0810,2025-07-06,C321,Female,29.0,Home & Kitchen,Air Fryer,2,1996.58,3993.16,Debit Card,Mumbai
T0811,2025-10-14,C223,Female,39.0,Home & Kitchen,Cookware,5,6171.61,30858.05,Cash,Bengaluru
T0812,2025-01-23,C146,Female,53.0,Clothing,Jacket,1,680.71,680.71,UPI,Pune
T0813,2025-09-30,C415,Female,28.0,Home & Kitchen,Blender,1,8452.83,8452.83,Debit Card,Mumbai
T0814,2025-11-11,C277,Female,26.0,Clothing,T-Shirt,2,888.03,1776.06,Credit Card,Chennai
T0815,2025-07-23,C313,Female,34.0,Home & Kitchen,Mixer,2,2022.83,4045.66,Debit Card,Chennai
T0816,2025-09-19,C372,Female,32.0,Clothing,T-Shirt,2,555.26,1110.52,Credit Card,Mumbai
T0817,2025-11-07,C229,Male,24.0,Home & Kitchen,Blender,1,8677.63,8677.63,Cash,Pune
T0818,2025-05-07,C334,Male,22.0,Groceries,Cooking Oil,2,116.69,233.38,Net Banking,Delhi
T0819,2025-08-16,C320,Male,27.0,Electronics,Headphones,1,49996.55,49996.55,Net Banking,Chennai
T0820,2025-10-17,C431,Male,29.0,Clothing,T-Shirt,1,4805.67,4805.67,Net Banking,Delhi
T0821,2025-01-16,C177,Male,25.0,Groceries,Biscuits,1,1205.41,1205.41,UPI,Pune
T0822,2025-03-18,C329,Female,24.0,Beauty,Moisturizer,4,1588.39,6353.56,UPI,Delhi
T0823,2025-12-29,C257,Male,19.0,Home & Kitchen,Air Fryer,4,10508.02,42032.08,Credit Card,Chennai
T0824,2025-03-02,C192,Female,23.0,Beauty,Shampoo,5,2324.02,11620.1,UPI,Hyderabad
T0825,2025-11-29,C457,Female,18.0,Electronics,Headphones,3,47014.14,141042.42,UPI,Mumbai
T0826,2025-04-03,C409,Male,37.0,Home & Kitchen,Cookware,1,3922.89,3922.89,Net Banking,Hyderabad
T0827,2025-04-28,C189,Female,19.0,Clothing,Jacket,3,1141.79,3425.37,Cash,Hyderabad
T0828,2025-09-29,C220,Female,35.0,Beauty,Face Wash,1,2885.85,2885.85,Net Banking,Mumbai
T0829,2025-05-30,C146,Male,36.0,Home & Kitchen,Mixer,4,6370.57,25482.28,Debit Card,Pune
T0830,2025-11-30,C252,Male,32.0,Electronics,Smartphone,1,49106.71,49106.71,Debit Card,Hyderabad
T0831,2025-12-09,C440,Female,33.0,Home & Kitchen,Air Fryer,2,6922.8,13845.6,Debit Card,Hyderabad
T0832,2025-12-22,C316,Female,32.0,Electronics,Laptop,1,14711.39,14711.39,Debit Card,Chennai
T0833,2025-12-12,C151,Female,32.0,Clothing,T-Shirt,1,2541.99,2541.99,Net Banking,Delhi
T0834,2025-07-23,C367,Female,24.0,Home & Kitchen,Cookware,3,11691.38,35074.14,Credit Card,Bengaluru
T0835,2025-06-01,C301,Female,33.0,Home & Kitchen,Air Fryer,2,7924.94,15849.88,Net Banking,Hyderabad
T0836,2025-10-26,C298,Male,21.0,Clothing,Shoes,3,1747.04,5241.12,Debit Card,Pune
T0837,2025-03-23,C472,Male,33.0,Beauty,Moisturizer,4,537.34,2149.36,Credit Card,Mumbai
T0838,2025-10-25,C233,Male,36.0,Clothing,Jacket,1,2263.12,2263.12,UPI,Bengaluru
T0839,2025-10-05,C182,Male,42.0,Electronics,Headphones,4,47353.04,189412.16,UPI,Delhi
T0840,2025-11-07,C308,Female,22.0,Beauty,Face Wash,1,3356.42,3356.42,Net Banking,Delhi
T0841,2025-10-26,C129,Male,51.0,Clothing,Jeans,1,5254.22,5254.22,UPI,Bengaluru
T0842,2025-05-18,C287,Female,33.0,Clothing,Shoes,3,1642.85,4928.55,Cash,Bengaluru
T0843,2025-12-03,C258,Female,21.0,Clothing,Shoes,2,2603.66,5207.32,Cash,Chennai
T0844,2025-03-14,C440,Male,43.0,Electronics,Laptop,2,50534.1,101068.2,Debit Card,Mumbai
T0845,2025-12-28,C399,Male,29.0,Beauty,Moisturizer,2,1029.44,2058.88,UPI,Delhi
T0846,2025-09-29,C485,Male,18.0,Home & Kitchen,Air Fryer,2,3307.3,6614.6,Net Banking,Chennai
T0847,2025-06-10,C166,Female,21.0,Groceries,Rice,1,207.38,207.38,Cash,Mumbai
T0848,2025-05-12,C137,Female,31.0,Clothing,Jacket,5,2395.28,11976.4,Net Banking,Hyderabad
T0849,2025-07-20,C128,Male,28.0,Groceries,Coffee,1,1165.24,1165.24,UPI,Pune
T0850,2025-04-21,C371,Male,39.0,Clothing,T-Shirt,4,2886.38,11545.52,UPI,Pune
T0851,2025-10-08,C205,Female,18.0,Electronics,Laptop,1,8074.27,8074.27,Credit Card,Hyderabad
T0852,2025-03-11,C393,Male,35.0,Beauty,Face Wash,1,807.05,807.05,Credit Card,Hyderabad
T0853,2025-07-27,C304,Female,26.0,Groceries,Coffee,1,1315.44,1315.44,Debit Card,Delhi
T0854,2025-04-16,C267,Female,37.0,Clothing,T-Shirt,2,5941.04,11882.08,UPI,Pune
T0855,2025-04-20,C133,Female,41.0,Electronics,Headphones,4,56813.4,227253.6,Net Banking,Bengaluru
T0856,2025-09-28,C341,Female,20.0,Beauty,Face Wash,1,2815.76,2815.76,Net Banking,Chennai
T0857,2025-11-13,C223,Female,31.0,Electronics,Smartphone,2,26991.85,53983.7,UPI,Hyderabad
T0858,2025-07-16,C298,Female,21.0,Clothing,Shoes,1,2240.58,2240.58,UPI,Chennai
T0859,2025-10-08,C487,Male,19.0,Beauty,Moisturizer,1,3743.52,3743.52,Cash,Bengaluru
T0860,2025-08-30,C230,Female,29.0,Clothing,Jacket,3,4612.35,13837.05,Credit Card,Bengaluru
T0861,2025-01-08,C430,Female,36.0,Beauty,Face Wash,1,2143.8,2143.8,Net Banking,Bengaluru
T0862,2025-10-26,C376,Female,28.0,Home & Kitchen,Blender,1,8276.05,8276.05,Net Banking,Bengaluru
T0863,2025-03-31,C211,Female,,Electronics,Laptop,2,11730.24,23460.48,UPI,Chennai
T0864,2025-11-27,C253,Female,,Groceries,Biscuits,1,544.35,544.35,Debit Card,Bengaluru
T0865,2025-08-05,C422,Female,24.0,Electronics,Headphones,1,45187.11,45187.11,UPI,Mumbai
T0866,2025-07-01,C415,Male,36.0,Groceries,Biscuits,2,1120.63,2241.26,Credit Card,Delhi
T0867,2025-09-27,C138,Female,30.0,Clothing,Shoes,4,526.86,2107.44,Net Banking,Hyderabad
T0868,2025-10-12,C374,Female,22.0,Home & Kitchen,Cookware,3,6470.72,19412.16,Credit Card,Hyderabad
T0869,2025-08-11,C103,Male,18.0,Clothing,Shoes,1,707.81,707.81,Cash,Delhi
T0870,2025-07-09,C450,Male,25.0,Electronics,Smartwatch,3,52277.44,156832.32,Cash,Pune
T0871,2025-06-04,C272,Female,23.0,Home & Kitchen,Air Fryer,1,4986.83,4986.83,Cash,Chennai
T0872,2025-07-24,C481,Male,20.0,Groceries,Cooking Oil,2,954.08,1908.16,Cash,Mumbai
T0873,2025-11-10,C375,Female,36.0,Electronics,Smartphone,3,34602.71,103808.13,Debit Card,Hyderabad
T0874,2025-09-23,C482,Female,34.0,Groceries,Rice,1,1168.15,1168.15,Net Banking,Bengaluru
T0875,2025-06-01,C258,Female,28.0,Electronics,Smartphone,1,23099.15,23099.15,Net Banking,Delhi
T0876,2025-08-12,C143,Female,30.0,Home & Kitchen,Blender,1,9205.82,9205.82,Cash,Chennai
T0877,2025-02-18,C407,Female,33.0,Groceries,Cooking Oil,2,495.79,991.58,UPI,Delhi
T0878,2025-10-06,C306,Female,38.0,Home & Kitchen,Air Fryer,2,4069.1,8138.2,UPI,Pune
T0879,2025-03-16,C257,Male,23.0,Beauty,Shampoo,2,2277.14,4554.28,UPI,Mumbai
T0880,2025-11-24,C381,Female,31.0,Electronics,Headphones,1,35903.59,35903.59,UPI,Bengaluru
T0881,2025-07-12,C250,Male,24.0,Electronics,Headphones,4,49714.56,198858.24,Cash,Bengaluru
T0882,2025-04-21,C421,Male,41.0,Electronics,Laptop,4,25972.25,103889.0,UPI,Chennai
T0883,2025-04-21,C457,Male,44.0,Home & Kitchen,Mixer,2,4611.03,9222.06,Cash,Delhi
T0884,2025-06-16,C230,Male,20.0,Beauty,Face Wash,1,3262.44,3262.44,Debit Card,Pune
T0885,2025-07-12,C291,Male,27.0,Electronics,Smartphone,3,36635.91,109907.73,UPI,Pune
T0886,2025-06-01,C343,Female,23.0,Groceries,Biscuits,1,1477.74,1477.74,UPI,Bengaluru
T0887,2025-04-04,C329,Male,22.0,Beauty,Moisturizer,4,3684.45,14737.8,Cash,Hyderabad
T0888,2025-05-06,C406,Female,51.0,Beauty,Face Wash,2,2654.98,5309.96,UPI,Chennai
T0889,2025-10-06,C109,Female,40.0,Beauty,Moisturizer,2,3733.51,7467.02,Credit Card,Hyderabad
T0890,2025-12-11,C500,Male,29.0,Clothing,Jeans,2,2721.87,5443.74,Credit Card,Mumbai
T0891,2025-03-15,C455,Male,18.0,Groceries,Cooking Oil,2,424.06,848.12,,Mumbai
T0892,2025-11-17,C424,Female,23.0,Beauty,Shampoo,1,2114.03,2114.03,UPI,Hyderabad
T0893,2025-08-25,C188,Male,20.0,Clothing,T-Shirt,1,681.21,681.21,Debit Card,Delhi
T0894,2025-05-08,C128,Male,18.0,Clothing,T-Shirt,5,3150.92,15754.6,UPI,Mumbai
T0895,2025-03-11,C204,Female,39.0,Clothing,Jacket,3,2014.86,6044.58,Net Banking,Delhi
T0896,2025-01-31,C235,Female,25.0,Beauty,Perfume,2,1194.35,2388.7,UPI,Bengaluru
T0897,2025-04-11,C156,Female,27.0,Clothing,Shoes,3,1371.49,4114.47,Cash,Hyderabad
T0898,2025-11-13,C268,Female,28.0,Clothing,T-Shirt,2,5491.05,10982.1,Debit Card,Bengaluru
T0899,2025-03-13,C426,Female,18.0,Clothing,Jeans,3,5513.75,16541.25,Credit Card,Chennai
T0900,2025-09-26,C286,Male,29.0,Electronics,Smartphone,2,42790.78,85581.56,Debit Card,Hyderabad
T0901,2025-04-06,C362,Female,24.0,Groceries,Cooking Oil,2,969.06,1938.12,Net Banking,Pune
T0902,2025-08-11,C218,Female,30.0,Electronics,Smartwatch,3,13405.89,40217.67,Debit Card,Chennai
T0903,2025-03-14,C223,Male,45.0,Beauty,Face Wash,2,2591.03,5182.06,Debit Card,Delhi
T0904,2025-03-17,C151,Male,35.0,Beauty,Shampoo,1,2035.45,2035.45,Net Banking,Chennai
T0905,2025-03-09,C144,Male,24.0,Clothing,Jacket,2,2285.88,4571.76,Net Banking,Chennai
T0906,2025-04-21,C358,Male,50.0,Groceries,Cooking Oil,1,1389.56,1389.56,UPI,Hyderabad
T0907,2025-12-25,C487,Male,23.0,Clothing,Shoes,2,1470.27,2940.54,Cash,Hyderabad
T0908,2025-12-05,C156,Male,58.0,Groceries,Biscuits,2,456.43,912.86,Credit Card,Bengaluru
T0909,2025-06-29,C350,Male,29.0,Electronics,Smartphone,2,47536.21,95072.42,Credit Card,Hyderabad
T0910,2025-10-10,C303,Male,18.0,Groceries,Cooking Oil,4,1189.92,4759.68,UPI,Hyderabad
T0911,2025-10-07,C321,Male,24.0,Beauty,Perfume,1,3601.32,3601.32,Credit Card,Mumbai
T0912,2025-12-15,C203,Female,26.0,Electronics,Laptop,1,37202.39,37202.39,Credit Card,Hyderabad
T0913,2025-08-05,C499,Female,20.0,Home & Kitchen,Blender,3,2559.73,7679.19,Cash,Bengaluru
T0914,2025-07-26,C382,Male,26.0,Home & Kitchen,Mixer,1,8254.58,8254.58,Cash,Pune
T0915,2025-08-06,C340,Male,18.0,Electronics,Smartphone,1,59071.03,59071.03,Net Banking,Hyderabad
T0916,2025-07-24,C314,Female,46.0,Home & Kitchen,Blender,1,8270.47,8270.47,Net Banking,Chennai
T0917,2025-08-14,C164,Male,18.0,Clothing,Shoes,1,5801.54,5801.54,Credit Card,Bengaluru
T0918,2025-09-14,C165,Male,27.0,Clothing,T-Shirt,1,1020.06,1020.06,UPI,Delhi
T0919,2025-02-25,C165,Female,43.0,Electronics,Laptop,4,56239.08,224956.32,Net Banking,Delhi
T0920,2025-08-22,C231,Male,31.0,Electronics,Smartphone,2,16357.09,32714.18,Debit Card,Mumbai
T0921,2025-05-11,C143,Male,18.0,Home & Kitchen,Mixer,2,8270.66,16541.32,Credit Card,Mumbai
T0922,2025-12-02,C239,Male,39.0,Electronics,Laptop,1,30976.15,30976.15,Cash,Delhi
T0923,2025-08-02,C304,Male,31.0,Groceries,Cooking Oil,2,1427.46,2854.92,UPI,Mumbai
T0924,2025-03-15,C161,Female,26.0,Groceries,Biscuits,1,355.18,355.18,Debit Card,Mumbai
T0925,2025-05-15,C360,Male,30.0,Electronics,Headphones,2,20171.0,40342.0,Cash,Hyderabad
T0926,2025-04-29,C483,Male,36.0,Home & Kitchen,Air Fryer,2,10075.56,20151.12,Net Banking,Chennai
T0927,2025-10-29,C213,Male,45.0,Home & Kitchen,Mixer,3,6990.51,20971.53,Cash,Pune
T0928,2025-06-22,C254,Female,40.0,Clothing,T-Shirt,3,5917.11,17751.33,Credit Card,Mumbai
T0929,2025-05-17,C289,Female,41.0,Electronics,Smartwatch,2,27406.78,54813.56,Debit Card,Bengaluru
T0930,2025-07-24,C413,Male,31.0,Clothing,Shoes,1,2823.97,2823.97,Debit Card,Delhi
T0931,2025-12-04,C161,Male,21.0,Beauty,Face Wash,2,864.19,1728.38,Credit Card,Bengaluru
T0932,2025-01-11,C354,Female,31.0,Clothing,Jacket,1,5421.78,5421.78,Net Banking,Delhi
T0933,2025-04-05,C368,Male,33.0,Beauty,Face Wash,1,449.28,449.28,Net Banking,Chennai
T0934,2025-07-02,C157,Male,36.0,Beauty,Perfume,3,3888.54,11665.62,Credit Card,Mumbai
T0935,2025-03-08,C213,Female,18.0,Groceries,Cooking Oil,3,1306.82,3920.46,Credit Card,Pune
T0936,2025-06-30,C360,Male,31.0,Beauty,Shampoo,3,764.24,2292.72,UPI,Mumbai
T0937,2025-07-05,C159,Female,42.0,Home & Kitchen,Cookware,1,5899.16,5899.16,UPI,Chennai
T0938,2025-04-10,C289,Male,42.0,Home & Kitchen,Mixer,4,761.51,3046.04,Credit Card,Bengaluru
T0939,2025-12-07,C333,Male,33.0,Beauty,Face Wash,1,2890.2,2890.2,Cash,Pune
T0940,2025-05-02,C327,Female,20.0,Groceries,Biscuits,1,1347.51,1347.51,Debit Card,Hyderabad
T0941,2025-05-22,C144,Female,29.0,Groceries,Biscuits,5,1280.68,6403.4,UPI,Pune
T0942,2025-06-10,C385,Male,31.0,Electronics,Smartwatch,3,39936.78,119810.34,UPI,Delhi
T0943,2025-03-28,C209,Female,27.0,Electronics,Smartphone,1,10819.01,10819.01,Net Banking,Hyderabad
T0944,2025-03-02,C427,Female,30.0,Clothing,T-Shirt,3,5768.07,17304.21,Net Banking,Pune
T0945,2025-05-05,C232,Female,34.0,Beauty,Shampoo,2,3494.9,6989.8,Net Banking,Hyderabad
T0946,2025-09-17,C139,Female,18.0,Electronics,Smartphone,3,19712.47,59137.41,Credit Card,Hyderabad
T0947,2025-08-22,C429,Male,41.0,Electronics,Smartwatch,1,20438.98,20438.98,Cash,Chennai
T0948,2025-08-30,C434,Male,34.0,Clothing,T-Shirt,3,5775.12,17325.36,Debit Card,Bengaluru
T0949,2025-05-27,C189,Male,50.0,Electronics,Laptop,1,12401.74,12401.74,Debit Card,Hyderabad
T0950,2025-01-09,C381,Male,37.0,Groceries,Biscuits,1,1253.97,1253.97,UPI,Bengaluru
T0951,2025-03-30,C296,Female,45.0,Home & Kitchen,Cookware,5,5886.36,29431.8,Cash,Chennai
T0952,2025-09-21,C323,Male,24.0,Home & Kitchen,Cookware,2,8180.26,16360.52,Net Banking,Hyderabad
T0953,2025-12-21,C137,Female,62.0,Electronics,Headphones,3,46247.08,138741.24,UPI,Pune
T0954,2025-06-15,C288,Female,38.0,Beauty,Perfume,4,409.6,1638.4,Credit Card,Chennai
T0955,2025-03-09,C448,Male,44.0,Beauty,Moisturizer,1,1765.97,1765.97,Debit Card,Chennai
T0956,2025-09-22,C109,Male,38.0,Beauty,Face Wash,3,1698.5,5095.5,Debit Card,Hyderabad
T0957,2025-07-23,C106,Male,18.0,Beauty,Face Wash,3,2511.73,7535.19,Net Banking,Chennai
T0958,2025-05-16,C487,Female,24.0,Clothing,T-Shirt,1,5946.22,5946.22,UPI,Bengaluru
T0959,2025-05-26,C481,Male,20.0,Groceries,Biscuits,2,1363.73,2727.46,UPI,Delhi
T0960,2025-02-07,C250,Male,35.0,Home & Kitchen,Mixer,1,10891.65,10891.65,Cash,Pune
T0961,2025-02-02,C477,Female,35.0,Beauty,Face Wash,1,2972.16,2972.16,Credit Card,Mumbai
T0962,2025-12-13,C200,Male,19.0,Electronics,Smartphone,2,13859.02,27718.04,UPI,Bengaluru
T0963,2025-02-23,C238,Male,26.0,Home & Kitchen,Mixer,1,7743.45,7743.45,Net Banking,Hyderabad
T0964,2025-09-13,C309,Male,31.0,Clothing,Jacket,1,1405.95,1405.95,Cash,Hyderabad
T0965,2025-11-29,C236,Male,22.0,Electronics,Smartwatch,1,11808.77,11808.77,UPI,Hyderabad
T0966,2025-02-10,C479,Female,31.0,Beauty,Moisturizer,1,2940.89,2940.89,Net Banking,Pune
T0967,2025-10-20,C307,Male,18.0,Electronics,Laptop,2,44025.66,88051.32,Net Banking,Pune
T0968,2025-12-19,C257,Male,21.0,Home & Kitchen,Cookware,2,7230.01,14460.02,Net Banking,Hyderabad
T0969,2025-12-25,C438,Male,53.0,Home & Kitchen,Blender,2,1758.33,3516.66,Debit Card,Hyderabad
T0970,2025-08-08,C477,Male,36.0,Beauty,Shampoo,3,2364.18,7092.54,Debit Card,Chennai
T0971,2025-06-13,C184,Male,31.0,Beauty,Perfume,2,2820.23,5640.46,UPI,Pune
T0972,2025-12-05,C275,Female,34.0,Groceries,Coffee,2,584.51,1169.02,Cash,Delhi
T0973,2025-06-14,C379,Male,18.0,Home & Kitchen,Blender,2,1517.85,3035.7,Credit Card,Bengaluru
T0974,2025-01-19,C357,Female,23.0,Groceries,Rice,5,866.76,4333.8,Net Banking,Bengaluru
T0975,2025-05-17,C446,Female,30.0,Home & Kitchen,Mixer,2,2294.73,4589.46,Net Banking,Pune
T0976,2025-01-24,C212,Female,37.0,Clothing,Jacket,3,3689.09,11067.27,Net Banking,Bengaluru
T0977,2025-10-25,C349,Female,20.0,Home & Kitchen,Air Fryer,1,855.19,855.19,UPI,Mumbai
T0978,2025-11-13,C274,Female,18.0,Electronics,Headphones,2,20854.72,41709.44,UPI,Pune
T0979,2025-10-26,C288,Male,27.0,Clothing,Jeans,1,3674.44,3674.44,UPI,Hyderabad
T0980,2025-09-26,C403,Male,30.0,Clothing,Shoes,3,5122.2,15366.6,Net Banking,Delhi
T0981,2025-03-12,C263,Male,18.0,Electronics,Smartphone,1,25734.49,25734.49,Net Banking,Bengaluru
T0982,2025-11-12,C140,Male,18.0,Clothing,Jeans,1,5335.62,5335.62,Debit Card,Delhi
T0983,2025-08-22,C103,Male,20.0,Groceries,Rice,1,1435.59,1435.59,Cash,Hyderabad
T0984,2025-12-30,C354,Male,45.0,Home & Kitchen,Air Fryer,5,2559.14,12795.7,Net Banking,Hyderabad
T0985,2025-01-18,C144,Male,20.0,Clothing,T-Shirt,5,1861.89,9309.45,Debit Card,Bengaluru
T0986,2025-08-13,C317,Female,18.0,Electronics,Headphones,1,13376.54,13376.54,Net Banking,Chennai
T0987,2025-12-28,C154,Male,18.0,Beauty,Shampoo,2,1765.04,3530.08,Debit Card,Delhi
T0988,2025-11-20,C125,Female,38.0,Beauty,Perfume,1,1860.07,1860.07,Cash,Bengaluru
T0989,2025-07-25,C205,Female,52.0,Beauty,Shampoo,3,1655.66,4966.98,Debit Card,Bengaluru
T0990,2025-07-24,C484,Female,20.0,Groceries,Biscuits,1,1045.94,1045.94,Debit Card,Delhi
T0991,2025-06-14,C294,Female,18.0,Clothing,Jacket,4,3317.65,13270.6,Net Banking,Hyderabad
T0992,2025-08-22,C481,Female,37.0,Home & Kitchen,Blender,2,3975.65,7951.3,Cash,Hyderabad
T0993,2025-04-24,C364,Female,27.0,Beauty,Moisturizer,5,1331.47,6657.35,Debit Card,Hyderabad
T0994,2025-01-04,C344,Female,18.0,Home & Kitchen,Mixer,2,6842.63,13685.26,Credit Card,Chennai
T0995,2025-07-26,C207,Female,57.0,Clothing,T-Shirt,2,4525.3,9050.6,Net Banking,Delhi
T0996,2025-06-22,C135,Female,35.0,Electronics,Smartphone,1,11910.51,11910.51,Net Banking,Delhi
T0997,2025-02-24,C433,Male,35.0,Electronics,Smartwatch,2,19499.68,38999.36,Cash,Hyderabad
T0998,2025-08-03,C192,Male,26.0,Home & Kitchen,Mixer,1,9695.57,9695.57,Debit Card,Delhi
T0999,2025-01-26,C443,Male,48.0,Home & Kitchen,Blender,2,9389.48,18778.96,Debit Card,Pune
T1000,2025-02-20,C181,Female,23.0,Beauty,Shampoo,2,2905.87,5811.74,Debit Card,Hyderabad
T0001,2025-08-03,C431,Male,35.0,Beauty,Face Wash,2,1894.16,3788.32,Net Banking,Mumbai
T0002,2025-10-21,C486,Female,23.0,Home & Kitchen,Cookware,1,8858.59,8858.59,Cash,Pune
T0003,2025-07-07,C371,Female,30.0,Electronics,Smartwatch,2,10426.61,20853.22,Debit Card,Mumbai
T0004,2025-05-15,C121,Male,25.0,Beauty,Moisturizer,2,3467.77,6935.54,Credit Card,Mumbai
T0005,2025-04-02,C467,Female,18.0,Electronics,Smartwatch,1,20006.48,20006.48,Cash,Pune
